Survived,Name,Sex,Age,Siblings/Spouses Aboard,Parents/Children Aboard,Fare,Pclass
No,Mr. Owen Harris Braund,male,22,1,0,7.25,Third
Yes,Mrs. John Bradley (Florence Briggs Thayer) Cumings,female,38,1,0,71.2833,First
Yes,Miss. Laina Heikkinen,female,26,0,0,7.925,Third
Yes,Mrs. Jacques Heath (Lily May Peel) Futrelle,female,35,1,0,53.1,First
No,Mr. William Henry Allen,male,35,0,0,8.05,Third
No,Mr. James Moran,male,27,0,0,8.4583,Third
No,Mr. Timothy J McCarthy,male,54,0,0,51.8625,First
No,Master. Gosta Leonard Palsson,male,2,3,1,21.075,Third
Yes,Mrs. Oscar W (Elisabeth Vilhelmina Berg) Johnson,female,27,0,2,11.1333,Third
Yes,Mrs. Nicholas (Adele Achem) Nasser,female,14,1,0,30.0708,Second
Yes,Miss. Marguerite Rut Sandstrom,female,4,1,1,16.7,Third
Yes,Miss. Elizabeth Bonnell,female,58,0,0,26.55,First
No,Mr. William Henry Saundercock,male,20,0,0,8.05,Third
No,Mr. Anders Johan Andersson,male,39,1,5,31.275,Third
No,Miss. Hulda Amanda Adolfina Vestrom,female,14,0,0,7.8542,Third
Yes,Mrs. (Mary D Kingcome) Hewlett,female,55,0,0,16,Second
No,Master. Eugene Rice,male,2,4,1,29.125,Third
Yes,Mr. Charles Eugene Williams,male,23,0,0,13,Second
No,Mrs. Julius (Emelia Maria Vandemoortele) Vander Planke,female,31,1,0,18,Third
Yes,Mrs. Fatima Masselmani,female,22,0,0,7.225,Third
No,Mr. Joseph J Fynney,male,35,0,0,26,Second
Yes,Mr. Lawrence Beesley,male,34,0,0,13,Second
Yes,Miss. Anna McGowan,female,15,0,0,8.0292,Third
Yes,Mr. William Thompson Sloper,male,28,0,0,35.5,First
No,Miss. Torborg Danira Palsson,female,8,3,1,21.075,Third
Yes,Mrs. Carl Oscar (Selma Augusta Emilia Johansson) Asplund,female,38,1,5,31.3875,Third
No,Mr. Farred Chehab Emir,male,26,0,0,7.225,Third
No,Mr. Charles Alexander Fortune,male,19,3,2,263,First
Yes,Miss. Ellen O'Dwyer,female,24,0,0,7.8792,Third
No,Mr. Lalio Todoroff,male,23,0,0,7.8958,Third
No,Don. Manuel E Uruchurtu,male,40,0,0,27.7208,First
Yes,Mrs. William Augustus (Marie Eugenie) Spencer,female,48,1,0,146.5208,First
Yes,Miss. Mary Agatha Glynn,female,18,0,0,7.75,Third
No,Mr. Edward H Wheadon,male,66,0,0,10.5,Second
No,Mr. Edgar Joseph Meyer,male,28,1,0,82.1708,First
No,Mr. Alexander Oskar Holverson,male,42,1,0,52,First
Yes,Mr. Hanna Mamee,male,18,0,0,7.2292,Third
No,Mr. Ernest Charles Cann,male,21,0,0,8.05,Third
No,Miss. Augusta Maria Vander Planke,female,18,2,0,18,Third
Yes,Miss. Jamila Nicola-Yarred,female,14,1,0,11.2417,Third
No,Mrs. Johan (Johanna Persdotter Larsson) Ahlin,female,40,1,0,9.475,Third
No,Mrs. William John Robert (Dorothy Ann Wonnacott) Turpin,female,27,1,0,21,Second
Yes,Miss. Simonne Marie Anne Andree Laroche,female,3,1,2,41.5792,Second
Yes,Miss. Margaret Delia Devaney,female,19,0,0,7.8792,Third
No,Mr. William John Rogers,male,30,0,0,8.05,Third
No,Mr. Denis Lennon,male,20,1,0,15.5,Third
Yes,Miss. Bridget O'Driscoll,female,27,0,0,7.75,Third
No,Mr. Youssef Samaan,male,16,2,0,21.6792,Third
No,Mrs. Josef (Josefine Franchi) Arnold-Franchi,female,18,1,0,17.8,Third
No,Master. Juha Niilo Panula,male,7,4,1,39.6875,Third
No,Mr. Richard Cater Nosworthy,male,21,0,0,7.8,Third
Yes,Mrs. Henry Sleeper (Myna Haxtun) Harper,female,49,1,0,76.7292,First
Yes,Mrs. Lizzie (Elizabeth Anne Wilkinson) Faunthorpe,female,29,1,0,26,Second
No,Mr. Engelhart Cornelius Ostby,male,65,0,1,61.9792,First
Yes,Mr. Hugh Woolner,male,46,0,0,35.5,First
Yes,Miss. Emily Rugg,female,21,0,0,10.5,Second
No,Mr. Mansouer Novel,male,28.5,0,0,7.2292,Third
Yes,Miss. Constance Mirium West,female,5,1,2,27.75,Second
No,Master. William Frederick Goodwin,male,11,5,2,46.9,Third
No,Mr. Orsen Sirayanian,male,22,0,0,7.2292,Third
Yes,Miss. Amelie Icard,female,38,0,0,80,First
No,Mr. Henry Birkhardt Harris,male,45,1,0,83.475,First
No,Master. Harald Skoog,male,4,3,2,27.9,Third
No,Mr. Albert A Stewart,male,64,0,0,27.7208,First
Yes,Master. Gerios Moubarek,male,7,1,1,15.2458,Third
Yes,Mrs. (Elizabeth Ramell) Nye,female,29,0,0,10.5,Second
No,Mr. Ernest James Crease,male,19,0,0,8.1583,Third
Yes,Miss. Erna Alexandra Andersson,female,17,4,2,7.925,Third
No,Mr. Vincenz Kink,male,26,2,0,8.6625,Third
No,Mr. Stephen Curnow Jenkin,male,32,0,0,10.5,Second
No,Miss. Lillian Amy Goodwin,female,16,5,2,46.9,Third
No,Mr. Ambrose Jr Hood,male,21,0,0,73.5,Second
No,Mr. Apostolos Chronopoulos,male,26,1,0,14.4542,Third
Yes,Mr. Lee Bing,male,32,0,0,56.4958,Third
No,Mr. Sigurd Hansen Moen,male,25,0,0,7.65,Third
No,Mr. Ivan Staneff,male,23,0,0,7.8958,Third
No,Mr. Rahamin Haim Moutal,male,28,0,0,8.05,Third
Yes,Master. Alden Gates Caldwell,male,0.83,0,2,29,Second
Yes,Miss. Elizabeth Dowdell,female,30,0,0,12.475,Third
No,Mr. Achille Waelens,male,22,0,0,9,Third
Yes,Mr. Jan Baptist Sheerlinck,male,29,0,0,9.5,Third
Yes,Miss. Brigdet Delia McDermott,female,31,0,0,7.7875,Third
No,Mr. Francisco M Carrau,male,28,0,0,47.1,First
Yes,Miss. Bertha Ilett,female,17,0,0,10.5,Second
Yes,Mrs. Karl Alfred (Maria Mathilda Gustafsson) Backstrom,female,33,3,0,15.85,Third
No,Mr. William Neal Ford,male,16,1,3,34.375,Third
No,Mr. Selman Francis Slocovski,male,20,0,0,8.05,Third
Yes,Miss. Mabel Helen Fortune,female,23,3,2,263,First
No,Mr. Francesco Celotti,male,24,0,0,8.05,Third
No,Mr. Emil Christmann,male,29,0,0,8.05,Third
No,Mr. Paul Edvin Andreasson,male,20,0,0,7.8542,Third
No,Mr. Herbert Fuller Chaffee,male,46,1,0,61.175,First
No,Mr. Bertram Frank Dean,male,26,1,2,20.575,Third
No,Mr. Daniel Coxon,male,59,0,0,7.25,Third
No,Mr. Charles Joseph Shorney,male,22,0,0,8.05,Third
No,Mr. George B Goldschmidt,male,71,0,0,34.6542,First
Yes,Mr. William Bertram Greenfield,male,23,0,1,63.3583,First
Yes,Mrs. John T (Ada Julia Bone) Doling,female,34,0,1,23,Second
No,Mr. Sinai Kantor,male,34,1,0,26,Second
No,Miss. Matilda Petranec,female,28,0,0,7.8958,Third
No,Mr. Pastcho Petroff,male,29,0,0,7.8958,Third
No,Mr. Richard Frasar White,male,21,0,1,77.2875,First
No,Mr. Gustaf Joel Johansson,male,33,0,0,8.6542,Third
No,Mr. Anders Vilhelm Gustafsson,male,37,2,0,7.925,Third
No,Mr. Stoytcho Mionoff,male,28,0,0,7.8958,Third
Yes,Miss. Anna Kristine Salkjelsvik,female,21,0,0,7.65,Third
Yes,Mr. Albert Johan Moss,male,29,0,0,7.775,Third
No,Mr. Tido Rekic,male,38,0,0,7.8958,Third
Yes,Miss. Bertha Moran,female,28,1,0,24.15,Third
No,Mr. Walter Chamberlain Porter,male,47,0,0,52,First
No,Miss. Hileni Zabour,female,14.5,1,0,14.4542,Third
No,Mr. David John Barton,male,22,0,0,8.05,Third
No,Miss. Katriina Jussila,female,20,1,0,9.825,Third
No,Miss. Malake Attalah,female,17,0,0,14.4583,Third
No,Mr. Edvard Pekoniemi,male,21,0,0,7.925,Third
No,Mr. Patrick Connors,male,70.5,0,0,7.75,Third
No,Mr. William John Robert Turpin,male,29,1,0,21,Second
No,Mr. Quigg Edmond Baxter,male,24,0,1,247.5208,First
No,Miss. Ellis Anna Maria Andersson,female,2,4,2,31.275,Third
No,Mr. Stanley George Hickman,male,21,2,0,73.5,Second
No,Mr. Leonard Charles Moore,male,19,0,0,8.05,Third
No,Mr. Nicholas Nasser,male,32.5,1,0,30.0708,Second
Yes,Miss. Susan Webber,female,32.5,0,0,13,Second
No,Mr. Percival Wayland White,male,54,0,1,77.2875,First
Yes,Master. Elias Nicola-Yarred,male,12,1,0,11.2417,Third
No,Mr. Martin McMahon,male,19,0,0,7.75,Third
Yes,Mr. Fridtjof Arne Madsen,male,24,0,0,7.1417,Third
Yes,Miss. Anna Peter,female,2,1,1,22.3583,Third
No,Mr. Johan Ekstrom,male,45,0,0,6.975,Third
No,Mr. Jozef Drazenoic,male,33,0,0,7.8958,Third
No,Mr. Domingos Fernandeo Coelho,male,20,0,0,7.05,Third
No,Mrs. Alexander A (Grace Charity Laury) Robins,female,47,1,0,14.5,Third
Yes,Mrs. Leopold (Mathilde Francoise Pede) Weisz,female,29,1,0,26,Second
No,Mr. Samuel James Hayden Sobey,male,25,0,0,13,Second
No,Mr. Emile Richard,male,23,0,0,15.0458,Second
Yes,Miss. Helen Monypeny Newsom,female,19,0,2,26.2833,First
No,Mr. Jacques Heath Futrelle,male,37,1,0,53.1,First
No,Mr. Olaf Elon Osen,male,16,0,0,9.2167,Third
No,Mr. Victor Giglio,male,24,0,0,79.2,First
No,Mrs. Joseph (Sultana) Boulos,female,40,0,2,15.2458,Third
Yes,Miss. Anna Sofia Nysten,female,22,0,0,7.75,Third
Yes,Mrs. Pekka Pietari (Elin Matilda Dolck) Hakkarainen,female,24,1,0,15.85,Third
No,Mr. Jeremiah Burke,male,19,0,0,6.75,Third
No,Mr. Edgardo Samuel Andrew,male,18,0,0,11.5,Second
No,Mr. Joseph Charles Nicholls,male,19,1,1,36.75,Second
Yes,Mr. August Edvard Andersson,male,27,0,0,7.7958,Third
No,Miss. Robina Maggie Ford,female,9,2,2,34.375,Third
No,Mr. Michel Navratil,male,36.5,0,2,26,Second
No,Rev. Thomas Roussel Davids Byles,male,42,0,0,13,Second
No,Rev. Robert James Bateman,male,51,0,0,12.525,Second
Yes,Mrs. Thomas (Edith Wearne) Pears,female,22,1,0,66.6,First
No,Mr. Alfonzo Meo,male,55.5,0,0,8.05,Third
No,Mr. Austin Blyler van Billiard,male,40.5,0,2,14.5,Third
No,Mr. Ole Martin Olsen,male,27,0,0,7.3125,Third
No,Mr. Charles Duane Williams,male,51,0,1,61.3792,First
Yes,Miss. Katherine Gilnagh,female,16,0,0,7.7333,Third
No,Mr. Harry Corn,male,30,0,0,8.05,Third
No,Mr. Mile Smiljanic,male,37,0,0,8.6625,Third
No,Master. Thomas Henry Sage,male,5,8,2,69.55,Third
No,Mr. John Hatfield Cribb,male,44,0,1,16.1,Third
Yes,Mrs. James (Elizabeth Inglis Milne) Watt,female,40,0,0,15.75,Second
No,Mr. John Viktor Bengtsson,male,26,0,0,7.775,Third
No,Mr. Jovo Calic,male,17,0,0,8.6625,Third
No,Master. Eino Viljami Panula,male,1,4,1,39.6875,Third
Yes,Master. Frank John William Goldsmith,male,9,0,2,20.525,Third
Yes,Mrs. (Edith Martha Bowerman) Chibnall,female,48,0,1,55,First
No,Mrs. William (Anna Bernhardina Karlsson) Skoog,female,45,1,4,27.9,Third
No,Mr. John D Baumann,male,60,0,0,25.925,First
No,Mr. Lee Ling,male,28,0,0,56.4958,Third
No,Mr. Wyckoff Van der hoef,male,61,0,0,33.5,First
No,Master. Arthur Rice,male,4,4,1,29.125,Third
Yes,Miss. Eleanor Ileen Johnson,female,1,1,1,11.1333,Third
No,Mr. Antti Wilhelm Sivola,male,21,0,0,7.925,Third
No,Mr. James Clinch Smith,male,56,0,0,30.6958,First
No,Mr. Klas Albin Klasen,male,18,1,1,7.8542,Third
No,Master. Henry Forbes Lefebre,male,5,3,1,25.4667,Third
No,Miss. Ann Elizabeth Isham,female,50,0,0,28.7125,First
No,Mr. Reginald Hale,male,30,0,0,13,Second
No,Mr. Lionel Leonard,male,36,0,0,0,Third
No,Miss. Constance Gladys Sage,female,8,8,2,69.55,Third
No,Mr. Rene Pernot,male,39,0,0,15.05,Second
No,Master. Clarence Gustaf Hugo Asplund,male,9,4,2,31.3875,Third
Yes,Master. Richard F Becker,male,1,2,1,39,Second
Yes,Miss. Luise Gretchen Kink-Heilmann,female,4,0,2,22.025,Third
No,Mr. Hugh Roscoe Rood,male,39,0,0,50,First
Yes,Mrs. Thomas (Johanna Godfrey) O'Brien,female,26,1,0,15.5,Third
Yes,Mr. Charles Hallace Romaine,male,45,0,0,26.55,First
No,Mr. John Bourke,male,40,1,1,15.5,Third
No,Mr. Stjepan Turcin,male,36,0,0,7.8958,Third
Yes,Mrs. (Rosa) Pinsky,female,32,0,0,13,Second
No,Mr. William Carbines,male,19,0,0,13,Second
Yes,Miss. Carla Christine Nielsine Andersen-Jensen,female,19,1,0,7.8542,Third
Yes,Master. Michel M Navratil,male,3,1,1,26,Second
Yes,Mrs. James Joseph (Margaret Tobin) Brown,female,44,0,0,27.7208,First
Yes,Miss. Elise Lurette,female,58,0,0,146.5208,First
No,Mr. Robert Mernagh,male,28,0,0,7.75,Third
No,Mr. Karl Siegwart Andreas Olsen,male,42,0,1,8.4042,Third
Yes,Miss. Margaret Madigan,female,21,0,0,7.75,Third
No,Miss. Henriette Yrois,female,24,0,0,13,Second
No,Mr. Nestor Cyriel Vande Walle,male,28,0,0,9.5,Third
No,Mr. Frederick Sage,male,17,8,2,69.55,Third
No,Mr. Jakob Alfred Johanson,male,34,0,0,6.4958,Third
No,Mr. Gerious Youseff,male,45.5,0,0,7.225,Third
Yes,Mr. Gurshon Cohen,male,18,0,0,8.05,Third
No,Miss. Telma Matilda Strom,female,2,0,1,10.4625,Third
No,Mr. Karl Alfred Backstrom,male,32,1,0,15.85,Third
Yes,Mr. Nassef Cassem Albimona,male,26,0,0,18.7875,Third
Yes,Miss. Helen Carr,female,16,0,0,7.75,Third
Yes,Mr. Henry Blank,male,40,0,0,31,First
No,Mr. Ahmed Ali,male,24,0,0,7.05,Third
Yes,Miss. Clear Annie Cameron,female,35,0,0,21,Second
No,Mr. John Henry Perkin,male,22,0,0,7.25,Third
No,Mr. Hans Kristensen Givard,male,30,0,0,13,Second
No,Mr. Philip Kiernan,male,22,1,0,7.75,Third
Yes,Miss. Madeleine Newell,female,31,1,0,113.275,First
Yes,Miss. Eliina Honkanen,female,27,0,0,7.925,Third
No,Mr. Sidney Samuel Jacobsohn,male,42,1,0,27,Second
Yes,Miss. Albina Bazzani,female,32,0,0,76.2917,First
No,Mr. Walter Harris,male,30,0,0,10.5,Second
Yes,Mr. Victor Francis Sunderland,male,16,0,0,8.05,Third
No,Mr. James H Bracken,male,27,0,0,13,Second
No,Mr. George Henry Green,male,51,0,0,8.05,Third
No,Mr. Christo Nenkoff,male,22,0,0,7.8958,Third
Yes,Mr. Frederick Maxfield Hoyt,male,38,1,0,90,First
No,Mr. Karl Ivar Sven Berglund,male,22,0,0,9.35,Third
Yes,Mr. William John Mellors,male,19,0,0,10.5,Second
No,Mr. John Hall Lovell,male,20.5,0,0,7.25,Third
No,Mr. Arne Jonas Fahlstrom,male,18,0,0,13,Second
No,Miss. Mathilde Lefebre,female,12,3,1,25.4667,Third
Yes,Mrs. Henry Birkhardt (Irene Wallach) Harris,female,35,1,0,83.475,First
No,Mr. Bengt Edvin Larsson,male,29,0,0,7.775,Third
No,Mr. Ernst Adolf Sjostedt,male,59,0,0,13.5,Second
Yes,Miss. Lillian Gertrud Asplund,female,5,4,2,31.3875,Third
No,Mr. Robert William Norman Leyson,male,24,0,0,10.5,Second
No,Miss. Alice Phoebe Harknett,female,21,0,0,7.55,Third
No,Mr. Stephen Hold,male,44,1,0,26,Second
Yes,Miss. Marjorie Collyer,female,8,0,2,26.25,Second
No,Mr. Frederick William Pengelly,male,19,0,0,10.5,Second
No,Mr. George Henry Hunt,male,33,0,0,12.275,Second
No,Miss. Thamine Zabour,female,19,1,0,14.4542,Third
Yes,Miss. Katherine Murphy,female,18,1,0,15.5,Third
No,Mr. Reginald Charles Coleridge,male,29,0,0,10.5,Second
No,Mr. Matti Alexanteri Maenpaa,male,22,0,0,7.125,Third
No,Mr. Sleiman Attalah,male,30,0,0,7.225,Third
No,Dr. William Edward Minahan,male,44,2,0,90,First
No,Miss. Agda Thorilda Viktoria Lindahl,female,25,0,0,7.775,Third
Yes,Mrs. William (Anna) Hamalainen,female,24,0,2,14.5,Second
Yes,Mr. Richard Leonard Beckwith,male,37,1,1,52.5542,First
No,Rev. Ernest Courtenay Carter,male,54,1,0,26,Second
No,Mr. James George Reed,male,18,0,0,7.25,Third
No,Mrs. Wilhelm (Elna Matilda Persson) Strom,female,29,1,1,10.4625,Third
No,Mr. William Thomas Stead,male,62,0,0,26.55,First
No,Mr. William Arthur Lobb,male,30,1,0,16.1,Third
No,Mrs. Viktor (Helena Wilhelmina) Rosblom,female,41,0,2,20.2125,Third
Yes,Mrs. Darwis (Hanne Youssef Razi) Touma,female,29,0,2,15.2458,Third
Yes,Mrs. Gertrude Maybelle Thorne,female,38,0,0,79.2,First
Yes,Miss. Gladys Cherry,female,30,0,0,86.5,First
Yes,Miss. Anna Ward,female,35,0,0,512.3292,First
Yes,Mrs. (Lutie Davis) Parrish,female,50,0,1,26,Second
Yes,Master. Edvin Rojj Felix Asplund,male,3,4,2,31.3875,Third
No,Mr. Emil Taussig,male,52,1,1,79.65,First
No,Mr. William Harrison,male,40,0,0,0,First
No,Miss. Delia Henry,female,21,0,0,7.75,Third
No,Mr. David Reeves,male,36,0,0,10.5,Second
No,Mr. Ernesti Arvid Panula,male,16,4,1,39.6875,Third
Yes,Mr. Ernst Ulrik Persson,male,25,1,0,7.775,Third
Yes,Mrs. William Thompson (Edith Junkins) Graham,female,58,0,1,153.4625,First
Yes,Miss. Amelia Bissette,female,35,0,0,135.6333,First
No,Mr. Alexander Cairns,male,28,0,0,31,First
Yes,Mr. William Henry Tornquist,male,25,0,0,0,Third
Yes,Mrs. (Elizabeth Anne Maidment) Mellinger,female,41,0,1,19.5,Second
No,Mr. Charles H Natsch,male,37,0,1,29.7,First
Yes,Miss. Hanora Healy,female,33,0,0,7.75,Third
Yes,Miss. Kornelia Theodosia Andrews,female,63,1,0,77.9583,First
No,Miss. Augusta Charlotta Lindblom,female,45,0,0,7.75,Third
No,Mr. Francis Parkes,male,21,0,0,0,Second
No,Master. Eric Rice,male,7,4,1,29.125,Third
Yes,Mrs. Stanton (Rosa Hunt) Abbott,female,35,1,1,20.25,Third
No,Mr. Frank Duane,male,65,0,0,7.75,Third
No,Mr. Nils Johan Goransson Olsson,male,28,0,0,7.8542,Third
No,Mr. Alfons de Pelsmaeker,male,16,0,0,9.5,Third
Yes,Mr. Edward Arthur Dorking,male,19,0,0,8.05,Third
No,Mr. Richard William Smith,male,57,0,0,26,First
No,Mr. Ivan Stankovic,male,33,0,0,8.6625,Third
Yes,Mr. Theodore de Mulder,male,30,0,0,9.5,Third
No,Mr. Penko Naidenoff,male,22,0,0,7.8958,Third
Yes,Mr. Masabumi Hosono,male,42,0,0,13,Second
Yes,Miss. Kate Connolly,female,22,0,0,7.75,Third
Yes,Miss. Ellen Barber,female,26,0,0,78.85,First
Yes,Mrs. Dickinson H (Helen Walton) Bishop,female,19,1,0,91.0792,First
No,Mr. Rene Jacques Levy,male,36,0,0,12.875,Second
No,Miss. Aloisia Haas,female,24,0,0,8.85,Third
No,Mr. Ivan Mineff,male,24,0,0,7.8958,Third
No,Mr. Ervin G Lewy,male,30,0,0,27.7208,First
No,Mr. Mansour Hanna,male,23.5,0,0,7.2292,Third
No,Miss. Helen Loraine Allison,female,2,1,2,151.55,First
Yes,Mr. Adolphe Saalfeld,male,47,0,0,30.5,First
Yes,Mrs. James (Helene DeLaudeniere Chaput) Baxter,female,50,0,1,247.5208,First
Yes,Miss. Anna Katherine Kelly,female,20,0,0,7.75,Third
Yes,Mr. Bernard McCoy,male,24,2,0,23.25,Third
No,Mr. William Cahoone Jr Johnson,male,19,0,0,0,Third
Yes,Miss. Nora A Keane,female,46,0,0,12.35,Second
No,Mr. Howard Hugh Williams,male,28,0,0,8.05,Third
Yes,Master. Hudson Trevor Allison,male,0.92,1,2,151.55,First
Yes,Miss. Margaret Fleming,female,42,0,0,110.8833,First
Yes,Mrs. Victor de Satode (Maria Josefa Perez de Soto y Vallejo) Penasco y Castellana,female,17,1,0,108.9,First
No,Mr. Samuel Abelson,male,30,1,0,24,Second
Yes,Miss. Laura Mabel Francatelli,female,30,0,0,56.9292,First
Yes,Miss. Margaret Bechstein Hays,female,24,0,0,83.1583,First
Yes,Miss. Emily Borie Ryerson,female,18,2,2,262.375,First
No,Mrs. William (Anna Sylfven) Lahtinen,female,26,1,1,26,Second
No,Mr. Ignjac Hendekovic,male,28,0,0,7.8958,Third
No,Mr. Benjamin Hart,male,43,1,1,26.25,Second
Yes,Miss. Helmina Josefina Nilsson,female,26,0,0,7.8542,Third
Yes,Mrs. Sinai (Miriam Sternin) Kantor,female,24,1,0,26,Second
No,Dr. Ernest Moraweck,male,54,0,0,14,Second
Yes,Miss. Mary Natalie Wick,female,31,0,2,164.8667,First
Yes,Mrs. Frederic Oakley (Margaretta Corning Stone) Spedden,female,40,1,1,134.5,First
No,Mr. Samuel Dennis,male,22,0,0,7.25,Third
No,Mr. Yoto Danoff,male,27,0,0,7.8958,Third
Yes,Miss. Hilda Mary Slayter,female,30,0,0,12.35,Second
Yes,Mrs. Albert Francis (Sylvia Mae Harbaugh) Caldwell,female,22,1,1,29,Second
No,Mr. George John Jr Sage,male,20,8,2,69.55,Third
Yes,Miss. Marie Grice Young,female,36,0,0,135.6333,First
No,Mr. Johan Hansen Nysveen,male,61,0,0,6.2375,Third
Yes,Mrs. (Ada E Hall) Ball,female,36,0,0,13,Second
Yes,Mrs. Frank John (Emily Alice Brown) Goldsmith,female,31,1,1,20.525,Third
Yes,Miss. Jean Gertrude Hippach,female,16,0,1,57.9792,First
Yes,Miss. Agnes McCoy,female,28,2,0,23.25,Third
No,Mr. Austen Partner,male,45.5,0,0,28.5,First
No,Mr. George Edward Graham,male,38,0,1,153.4625,First
No,Mr. Leo Edmondus Vander Planke,male,16,2,0,18,Third
Yes,Mrs. Henry William (Clara Heinsheimer) Frauenthal,female,42,1,0,133.65,First
No,Mr. Mitto Denkoff,male,30,0,0,7.8958,Third
No,Mr. Thomas Clinton Pears,male,29,1,0,66.6,First
Yes,Miss. Elizabeth Margaret Burns,female,41,0,0,134.5,First
Yes,Mr. Karl Edwart Dahl,male,45,0,0,8.05,Third
No,Mr. Stephen Weart Blackwell,male,45,0,0,35.5,First
Yes,Master. Edmond Roger Navratil,male,2,1,1,26,Second
Yes,Miss. Alice Elizabeth Fortune,female,24,3,2,263,First
No,Mr. Erik Gustaf Collander,male,28,0,0,13,Second
No,Mr. Charles Frederick Waddington Sedgwick,male,25,0,0,13,Second
No,Mr. Stanley Hubert Fox,male,36,0,0,13,Second
Yes,Miss. Amelia Brown,female,24,0,0,13,Second
Yes,Miss. Marion Elsie Smith,female,40,0,0,13,Second
Yes,Mrs. Thomas Henry (Mary E Finck) Davison,female,34,1,0,16.1,Third
Yes,Master. William Loch Coutts,male,3,1,1,15.9,Third
No,Mr. Jovan Dimic,male,42,0,0,8.6625,Third
No,Mr. Nils Martin Odahl,male,23,0,0,9.225,Third
No,Mr. Fletcher Fellows Williams-Lambert,male,43,0,0,35,First
No,Mr. Tannous Elias,male,15,1,1,7.2292,Third
No,Mr. Josef Arnold-Franchi,male,25,1,0,17.8,Third
No,Mr. Wazli Yousif,male,23,0,0,7.225,Third
No,Mr. Leo Peter Vanden Steen,male,28,0,0,9.5,Third
Yes,Miss. Elsie Edith Bowerman,female,22,0,1,55,First
No,Miss. Annie Clemmer Funk,female,38,0,0,13,Second
Yes,Miss. Mary McGovern,female,22,0,0,7.8792,Third
Yes,Miss. Helen Mary Mockler,female,23,0,0,7.8792,Third
No,Mr. Wilhelm Skoog,male,40,1,4,27.9,Third
No,Mr. Sebastiano del Carlo,male,29,1,0,27.7208,Second
No,Mrs. (Catherine David) Barbara,female,45,0,1,14.4542,Third
No,Mr. Adola Asim,male,35,0,0,7.05,Third
No,Mr. Thomas O'Brien,male,27,1,0,15.5,Third
No,Mr. Mauritz Nils Martin Adahl,male,30,0,0,7.25,Third
Yes,Mrs. Frank Manley (Anna Sophia Atkinson) Warren,female,60,1,0,75.25,First
Yes,Mrs. (Mantoura Boulos) Moussa,female,35,0,0,7.2292,Third
Yes,Miss. Annie Jermyn,female,22,0,0,7.75,Third
Yes,Mme. Leontine Pauline Aubart,female,24,0,0,69.3,First
Yes,Mr. George Achilles Harder,male,25,1,0,55.4417,First
No,Mr. Jakob Alfred Wiklund,male,18,1,0,6.4958,Third
No,Mr. William Thomas Beavan,male,19,0,0,8.05,Third
No,Mr. Sante Ringhini,male,22,0,0,135.6333,First
No,Miss. Stina Viola Palsson,female,3,3,1,21.075,Third
Yes,Mrs. Edgar Joseph (Leila Saks) Meyer,female,25,1,0,82.1708,First
Yes,Miss. Aurora Adelia Landergren,female,22,0,0,7.25,Third
No,Mr. Harry Elkins Widener,male,27,0,2,211.5,First
No,Mr. Tannous Betros,male,20,0,0,4.0125,Third
No,Mr. Karl Gideon Gustafsson,male,19,0,0,7.775,Third
Yes,Miss. Rosalie Bidois,female,42,0,0,227.525,First
Yes,Miss. Maria Nakid,female,1,0,2,15.7417,Third
No,Mr. Juho Tikkanen,male,32,0,0,7.925,Third
Yes,Mrs. Alexander Oskar (Mary Aline Towner) Holverson,female,35,1,0,52,First
No,Mr. Vasil Plotcharsky,male,27,0,0,7.8958,Third
No,Mr. Charles Henry Davies,male,18,0,0,73.5,Second
No,Master. Sidney Leonard Goodwin,male,1,5,2,46.9,Third
Yes,Miss. Kate Buss,female,36,0,0,13,Second
No,Mr. Matthew Sadlier,male,19,0,0,7.7292,Third
Yes,Miss. Bertha Lehmann,female,17,0,0,12,Second
Yes,Mr. William Ernest Carter,male,36,1,2,120,First
Yes,Mr. Carl Olof Jansson,male,21,0,0,7.7958,Third
No,Mr. Johan Birger Gustafsson,male,28,2,0,7.925,Third
Yes,Miss. Marjorie Newell,female,23,1,0,113.275,First
Yes,Mrs. Hjalmar (Agnes Charlotta Bengtsson) Sandstrom,female,24,0,2,16.7,Third
No,Mr. Erik Johansson,male,22,0,0,7.7958,Third
No,Miss. Elina Olsson,female,31,0,0,7.8542,Third
No,Mr. Peter David McKane,male,46,0,0,26,Second
No,Dr. Alfred Pain,male,23,0,0,10.5,Second
Yes,Mrs. William H (Jessie L) Trout,female,28,0,0,12.65,Second
Yes,Mr. Juha Niskanen,male,39,0,0,7.925,Third
No,Mr. John Adams,male,26,0,0,8.05,Third
No,Miss. Mari Aina Jussila,female,21,1,0,9.825,Third
No,Mr. Pekka Pietari Hakkarainen,male,28,1,0,15.85,Third
No,Miss. Marija Oreskovic,female,20,0,0,8.6625,Third
No,Mr. Shadrach Gale,male,34,1,0,21,Second
No,Mr. Carl/Charles Peter Widegren,male,51,0,0,7.75,Third
Yes,Master. William Rowe Richards,male,3,1,1,18.75,Second
No,Mr. Hans Martin Monsen Birkeland,male,21,0,0,7.775,Third
No,Miss. Ida Lefebre,female,3,3,1,25.4667,Third
No,Mr. Todor Sdycoff,male,42,0,0,7.8958,Third
No,Mr. Henry Hart,male,27,0,0,6.8583,Third
Yes,Miss. Daisy E Minahan,female,33,1,0,90,First
No,Mr. Alfred Fleming Cunningham,male,22,0,0,0,Second
Yes,Mr. Johan Julian Sundman,male,44,0,0,7.925,Third
No,Mrs. Thomas (Annie Louise Rowley) Meek,female,32,0,0,8.05,Third
Yes,Mrs. James Vivian (Lulu Thorne Christian) Drew,female,34,1,1,32.5,Second
Yes,Miss. Lyyli Karoliina Silven,female,18,0,2,13,Second
No,Mr. William John Matthews,male,30,0,0,13,Second
No,Miss. Catharina Van Impe,female,10,0,2,24.15,Third
No,Mr. David Charters,male,21,0,0,7.7333,Third
No,Mr. Leo Zimmerman,male,29,0,0,7.875,Third
No,Mrs. Ernst Gilbert (Anna Sigrid Maria Brogren) Danbom,female,28,1,1,14.4,Third
No,Mr. Viktor Richard Rosblom,male,18,1,1,20.2125,Third
No,Mr. Phillippe Wiseman,male,54,0,0,7.25,Third
Yes,Mrs. Charles V (Ada Maria Winfield) Clarke,female,28,1,0,26,Second
Yes,Miss. Kate Florence Phillips,female,19,0,0,26,Second
No,Mr. James Flynn,male,28,0,0,7.75,Third
Yes,Mr. Berk (Berk Trembisky) Pickard,male,32,0,0,8.05,Third
Yes,Mr. Mauritz Hakan Bjornstrom-Steffansson,male,28,0,0,26.55,First
Yes,Mrs. Percival (Florence Kate White) Thorneycroft,female,33,1,0,16.1,Third
Yes,Mrs. Charles Alexander (Alice Adelaide Slow) Louch,female,42,1,0,26,Second
No,Mr. Nikolai Erland Kallio,male,17,0,0,7.125,Third
No,Mr. William Baird Silvey,male,50,1,0,55.9,First
Yes,Miss. Lucile Polk Carter,female,14,1,2,120,First
No,Miss. Doolina Margaret Ford,female,21,2,2,34.375,Third
Yes,Mrs. Sidney (Emily Hocking) Richards,female,24,2,3,18.75,Second
No,Mr. Mark Fortune,male,64,1,4,263,First
No,Mr. Johan Henrik Johannesson Kvillner,male,31,0,0,10.5,Second
Yes,Mrs. Benjamin (Esther Ada Bloomfield) Hart,female,45,1,1,26.25,Second
No,Mr. Leon Hampe,male,20,0,0,9.5,Third
No,Mr. Johan Emil Petterson,male,25,1,0,7.775,Third
Yes,Ms. Encarnacion Reynaldo,female,28,0,0,13,Second
Yes,Mr. Bernt Johannesen-Bratthammer,male,29,0,0,8.1125,Third
Yes,Master. Washington Dodge,male,4,0,2,81.8583,First
Yes,Miss. Madeleine Violet Mellinger,female,13,0,1,19.5,Second
Yes,Mr. Frederic Kimber Seward,male,34,0,0,26.55,First
Yes,Miss. Marie Catherine Baclini,female,5,2,1,19.2583,Third
Yes,Major. Arthur Godfrey Peuchen,male,52,0,0,30.5,First
No,Mr. Edwy Arthur West,male,36,1,2,27.75,Second
No,Mr. Ingvald Olai Olsen Hagland,male,28,1,0,19.9667,Third
No,Mr. Benjamin Laventall Foreman,male,30,0,0,27.75,First
Yes,Mr. Samuel L Goldenberg,male,49,1,0,89.1042,First
No,Mr. Joseph Peduzzi,male,24,0,0,8.05,Third
Yes,Mr. Ivan Jalsevac,male,29,0,0,7.8958,Third
No,Mr. Francis Davis Millet,male,65,0,0,26.55,First
Yes,Mrs. Frederick R (Marion) Kenyon,female,41,1,0,51.8625,First
Yes,Miss. Ellen Toomey,female,50,0,0,10.5,Second
No,Mr. Maurice O'Connor,male,17,0,0,7.75,Third
Yes,Mr. Harry Anderson,male,48,0,0,26.55,First
No,Mr. William Morley,male,34,0,0,8.05,Third
No,Mr. Arthur H Gee,male,47,0,0,38.5,First
No,Mr. Jacob Christian Milling,male,48,0,0,13,Second
No,Mr. Simon Maisner,male,34,0,0,8.05,Third
No,Mr. Manuel Estanslas Goncalves,male,38,0,0,7.05,Third
No,Mr. William Campbell,male,21,0,0,0,Second
No,Mr. John Montgomery Smart,male,56,0,0,26.55,First
No,Mr. James Scanlan,male,22,0,0,7.725,Third
Yes,Miss. Helene Barbara Baclini,female,0.75,2,1,19.2583,Third
No,Mr. Arthur Keefe,male,39,0,0,7.25,Third
No,Mr. Luka Cacic,male,38,0,0,8.6625,Third
Yes,Mrs. Edwy Arthur (Ada Mary Worth) West,female,33,1,2,27.75,Second
Yes,Mrs. Amin S (Marie Marthe Thuillard) Jerwan,female,23,0,0,13.7917,Second
No,Miss. Ida Sofia Strandberg,female,22,0,0,9.8375,Third
No,Mr. George Quincy Clifford,male,40,0,0,52,First
No,Mr. Peter Henry Renouf,male,34,1,0,21,Second
No,Mr. Lewis Richard Braund,male,29,1,0,7.0458,Third
No,Mr. Nils August Karlsson,male,22,0,0,7.5208,Third
Yes,Miss. Hildur E Hirvonen,female,2,0,1,12.2875,Third
No,Master. Harold Victor Goodwin,male,9,5,2,46.9,Third
No,Mr. Anthony Wood Frost,male,37,0,0,0,Second
No,Mr. Richard Henry Rouse,male,50,0,0,8.05,Third
Yes,Mrs. (Hedwig) Turkula,female,63,0,0,9.5875,Third
Yes,Mr. Dickinson H Bishop,male,25,1,0,91.0792,First
No,Miss. Jeannie Lefebre,female,8,3,1,25.4667,Third
Yes,Mrs. Frederick Maxfield (Jane Anne Forby) Hoyt,female,35,1,0,90,First
No,Mr. Edward Austin Kent,male,58,0,0,29.7,First
No,Mr. Francis William Somerton,male,30,0,0,8.05,Third
Yes,Master. Eden Leslie Coutts,male,9,1,1,15.9,Third
No,Mr. Konrad Mathias Reiersen Hagland,male,19,1,0,19.9667,Third
No,Mr. Einar Windelov,male,21,0,0,7.25,Third
No,Mr. Harry Markland Molson,male,55,0,0,30.5,First
No,Mr. Ramon Artagaveytia,male,71,0,0,49.5042,First
No,Mr. Edward Roland Stanley,male,21,0,0,8.05,Third
No,Mr. Gerious Yousseff,male,26,0,0,14.4583,Third
Yes,Miss. Elizabeth Mussey Eustis,female,54,1,0,78.2667,First
No,Mr. Frederick William Shellard,male,55,0,0,15.1,Third
No,Mrs. Hudson J C (Bessie Waldo Daniels) Allison,female,25,1,2,151.55,First
No,Mr. Olof Svensson,male,24,0,0,7.7958,Third
No,Mr. Petar Calic,male,17,0,0,8.6625,Third
No,Miss. Mary Canavan,female,21,0,0,7.75,Third
No,Miss. Bridget Mary O'Sullivan,female,21,0,0,7.6292,Third
No,Miss. Kristina Sofia Laitinen,female,37,0,0,9.5875,Third
Yes,Miss. Roberta Maioni,female,16,0,0,86.5,First
No,Mr. Victor de Satode Penasco y Castellana,male,18,1,0,108.9,First
Yes,Mrs. Frederick Charles (Jane Richards) Quick,female,33,0,2,26,Second
Yes,Mr. George Bradley,male,37,0,0,26.55,First
No,Mr. Henry Margido Olsen,male,28,0,0,22.525,Third
Yes,Mr. Fang Lang,male,26,0,0,56.4958,Third
Yes,Mr. Eugene Patrick Daly,male,29,0,0,7.75,Third
No,Mr. James Webber,male,66,0,0,8.05,Third
Yes,Mr. James Robert McGough,male,36,0,0,26.2875,First
Yes,Mrs. Martin (Elizabeth L. Barrett) Rothschild,female,54,1,0,59.4,First
No,Mr. Satio Coleff,male,24,0,0,7.4958,Third
No,Mr. William Anderson Walker,male,47,0,0,34.0208,First
Yes,Mrs. (Amelia Milley) Lemore,female,34,0,0,10.5,Second
No,Mr. Patrick Ryan,male,30,0,0,24.15,Third
Yes,Mrs. William A (Florence Agnes Hughes) Angle,female,36,1,0,26,Second
No,Mr. Stefo Pavlovic,male,32,0,0,7.8958,Third
Yes,Miss. Anne Perreault,female,30,0,0,93.5,First
No,Mr. Janko Vovk,male,22,0,0,7.8958,Third
No,Mr. Sarkis Lahoud,male,35,0,0,7.225,Third
Yes,Mrs. Louis Albert (Ida Sophia Fischer) Hippach,female,44,0,1,57.9792,First
No,Mr. Fared Kassem,male,18,0,0,7.2292,Third
No,Mr. James Farrell,male,40.5,0,0,7.75,Third
Yes,Miss. Lucy Ridsdale,female,50,0,0,10.5,Second
No,Mr. John Farthing,male,49,0,0,221.7792,First
No,Mr. Johan Werner Salonen,male,39,0,0,7.925,Third
No,Mr. Richard George Hocking,male,23,2,1,11.5,Second
Yes,Miss. Phyllis May Quick,female,2,1,1,26,Second
No,Mr. Nakli Toufik,male,17,0,0,7.2292,Third
No,Mr. Joseph Jr Elias,male,17,1,1,7.2292,Third
Yes,Mrs. Catherine (Catherine Rizk) Peter,female,24,0,2,22.3583,Third
No,Miss. Marija Cacic,female,30,0,0,8.6625,Third
Yes,Miss. Eva Miriam Hart,female,7,0,2,26.25,Second
No,Major. Archibald Willingham Butt,male,45,0,0,26.55,First
Yes,Miss. Bertha LeRoy,female,30,0,0,106.425,First
No,Mr. Samuel Beard Risien,male,69,0,0,14.5,Third
Yes,Miss. Hedwig Margaritha Frolicher,female,22,0,2,49.5,First
Yes,Miss. Harriet R Crosby,female,36,0,2,71,First
No,Miss. Ingeborg Constanzia Andersson,female,9,4,2,31.275,Third
No,Miss. Sigrid Elisabeth Andersson,female,11,4,2,31.275,Third
Yes,Mr. Edward Beane,male,32,1,0,26,Second
No,Mr. Walter Donald Douglas,male,50,1,0,106.425,First
No,Mr. Arthur Ernest Nicholson,male,64,0,0,26,First
Yes,Mrs. Edward (Ethel Clarke) Beane,female,19,1,0,26,Second
Yes,Mr. Julian Padro y Manent,male,27,0,0,13.8625,Second
No,Mr. Frank John Goldsmith,male,33,1,1,20.525,Third
Yes,Master. John Morgan Jr Davies,male,8,1,1,36.75,Second
Yes,Mr. John Borland Jr Thayer,male,17,0,2,110.8833,First
No,Mr. Percival James R Sharp,male,27,0,0,26,Second
No,Mr. Timothy O'Brien,male,21,0,0,7.8292,Third
Yes,Mr. Fahim Leeni,male,22,0,0,7.225,Third
Yes,Miss. Velin Ohman,female,22,0,0,7.775,Third
No,Mr. George Wright,male,62,0,0,26.55,First
Yes,Lady. (Lucille Christiana Sutherland)Duff Gordon,female,48,1,0,39.6,First
No,Mr. Victor Robbins,male,45,0,0,227.525,First
Yes,Mrs. Emil (Tillie Mandelbaum) Taussig,female,39,1,1,79.65,First
Yes,Mrs. Guillaume Joseph (Emma) de Messemaeker,female,36,1,0,17.4,Third
No,Mr. Thomas Rowan Morrow,male,30,0,0,7.75,Third
No,Mr. Husein Sivic,male,40,0,0,7.8958,Third
No,Mr. Robert Douglas Norman,male,28,0,0,13.5,Second
No,Mr. John Simmons,male,40,0,0,8.05,Third
No,Miss. (Marion Ogden) Meanwell,female,62,0,0,8.05,Third
No,Mr. Alfred J Davies,male,24,2,0,24.15,Third
No,Mr. Ilia Stoytcheff,male,19,0,0,7.8958,Third
No,Mrs. Nils (Alma Cornelia Berglund) Palsson,female,29,0,4,21.075,Third
No,Mr. Tannous Doharr,male,28,0,0,7.2292,Third
Yes,Mr. Carl Jonsson,male,32,0,0,7.8542,Third
Yes,Mr. George Harris,male,62,0,0,10.5,Second
Yes,Mrs. Edward Dale (Charlotte Lamson) Appleton,female,53,2,0,51.4792,First
Yes,Mr. John Irwin Flynn,male,36,0,0,26.3875,First
Yes,Miss. Mary Kelly,female,22,0,0,7.75,Third
No,Mr. Alfred George John Rush,male,16,0,0,8.05,Third
No,Mr. George Patchett,male,19,0,0,14.5,Third
Yes,Miss. Ethel Garside,female,34,0,0,13,Second
Yes,Mrs. William Baird (Alice Munger) Silvey,female,39,1,0,55.9,First
No,Mrs. Joseph (Maria Elias) Caram,female,18,1,0,14.4583,Third
Yes,Mr. Eiriik Jussila,male,32,0,0,7.925,Third
Yes,Miss. Julie Rachel Christy,female,25,1,1,30,Second
Yes,Mrs. John Borland (Marian Longstreth Morris) Thayer,female,39,1,1,110.8833,First
No,Mr. William James Downton,male,54,0,0,26,Second
No,Mr. John Hugo Ross,male,36,0,0,40.125,First
No,Mr. Uscher Paulner,male,16,0,0,8.7125,Third
Yes,Miss. Ruth Taussig,female,18,0,2,79.65,First
No,Mr. John Denzil Jarvis,male,47,0,0,15,Second
Yes,Mr. Maxmillian Frolicher-Stehli,male,60,1,1,79.2,First
No,Mr. Eliezer Gilinski,male,22,0,0,8.05,Third
No,Mr. Joseph Murdlin,male,22,0,0,8.05,Third
No,Mr. Matti Rintamaki,male,35,0,0,7.125,Third
Yes,Mrs. Walter Bertram (Martha Eustis) Stephenson,female,52,1,0,78.2667,First
No,Mr. William James Elsbury,male,47,0,0,7.25,Third
No,Miss. Mary Bourke,female,40,0,2,7.75,Third
No,Mr. John Henry Chapman,male,37,1,0,26,Second
No,Mr. Jean Baptiste Van Impe,male,36,1,1,24.15,Third
Yes,Miss. Jessie Wills Leitch,female,31,0,0,33,Second
No,Mr. Alfred Johnson,male,49,0,0,0,Third
No,Mr. Hanna Boulos,male,18,0,0,7.225,Third
Yes,Sir. Cosmo Edmund Duff Gordon,male,49,1,0,56.9292,First
Yes,Mrs. Sidney Samuel (Amy Frances Christy) Jacobsohn,female,24,2,1,27,Second
No,Mr. Petco Slabenoff,male,42,0,0,7.8958,Third
No,Mr. Charles H Harrington,male,37,0,0,42.4,First
No,Mr. Ernst William Torber,male,44,0,0,8.05,Third
Yes,Mr. Harry Homer,male,35,0,0,26.55,First
No,Mr. Edvard Bengtsson Lindell,male,36,1,0,15.55,Third
No,Mr. Milan Karaic,male,30,0,0,7.8958,Third
Yes,Mr. Robert Williams Daniel,male,27,0,0,30.5,First
Yes,Mrs. Joseph (Juliette Marie Louise Lafargue) Laroche,female,22,1,2,41.5792,Second
Yes,Miss. Elizabeth W Shutes,female,40,0,0,153.4625,First
No,Mrs. Anders Johan (Alfrida Konstantia Brogren) Andersson,female,39,1,5,31.275,Third
No,Mr. Jose Neto Jardin,male,21,0,0,7.05,Third
Yes,Miss. Margaret Jane Murphy,female,18,1,0,15.5,Third
No,Mr. John Horgan,male,22,0,0,7.75,Third
No,Mr. William Alfred Brocklebank,male,35,0,0,8.05,Third
Yes,Miss. Alice Herman,female,24,1,2,65,Second
No,Mr. Ernst Gilbert Danbom,male,34,1,1,14.4,Third
No,Mrs. William Arthur (Cordelia K Stanlick) Lobb,female,26,1,0,16.1,Third
Yes,Miss. Marion Louise Becker,female,4,2,1,39,Second
No,Mr. Lawrence Gavey,male,26,0,0,10.5,Second
No,Mr. Antoni Yasbeck,male,27,1,0,14.4542,Third
Yes,Mr. Edwin Nelson Jr Kimball,male,42,1,0,52.5542,First
Yes,Mr. Sahid Nakid,male,20,1,1,15.7417,Third
No,Mr. Henry Damsgaard Hansen,male,21,0,0,7.8542,Third
No,Mr. David John Bowen,male,21,0,0,16.1,Third
No,Mr. Frederick Sutton,male,61,0,0,32.3208,First
No,Rev. Charles Leonard Kirkland,male,57,0,0,12.35,Second
Yes,Miss. Gretchen Fiske Longley,female,21,0,0,77.9583,First
No,Mr. Guentcho Bostandyeff,male,26,0,0,7.8958,Third
No,Mr. Patrick D O'Connell,male,18,0,0,7.7333,Third
Yes,Mr. Algernon Henry Wilson Barkworth,male,80,0,0,30,First
No,Mr. Johan Svensson Lundahl,male,51,0,0,7.0542,Third
Yes,Dr. Max Stahelin-Maeglin,male,32,0,0,30.5,First
No,Mr. William Henry Marsh Parr,male,30,0,0,0,First
No,Miss. Mabel Skoog,female,9,3,2,27.9,Third
Yes,Miss. Mary Davis,female,28,0,0,13,Second
No,Mr. Antti Gustaf Leinonen,male,32,0,0,7.925,Third
No,Mr. Harvey Collyer,male,31,1,1,26.25,Second
No,Mrs. Juha (Maria Emilia Ojala) Panula,female,41,0,5,39.6875,Third
No,Mr. Percival Thorneycroft,male,37,1,0,16.1,Third
No,Mr. Hans Peder Jensen,male,20,0,0,7.8542,Third
Yes,Mlle. Emma Sagesser,female,24,0,0,69.3,First
No,Miss. Margit Elizabeth Skoog,female,2,3,2,27.9,Third
Yes,Mr. Choong Foo,male,32,0,0,56.4958,Third
Yes,Miss. Eugenie Baclini,female,0.75,2,1,19.2583,Third
Yes,Mr. Henry Sleeper Harper,male,48,1,0,76.7292,First
No,Mr. Liudevit Cor,male,19,0,0,7.8958,Third
Yes,Col. Oberst Alfons Simonius-Blumer,male,56,0,0,35.5,First
No,Mr. Edward Willey,male,21,0,0,7.55,Third
Yes,Miss. Amy Zillah Elsie Stanley,female,23,0,0,7.55,Third
No,Mr. Mito Mitkoff,male,23,0,0,7.8958,Third
Yes,Miss. Elsie Doling,female,18,0,1,23,Second
No,Mr. Johannes Halvorsen Kalvik,male,21,0,0,8.4333,Third
Yes,Miss. Hanora O'Leary,female,16,0,0,7.8292,Third
No,Miss. Hanora Hegarty,female,18,0,0,6.75,Third
No,Mr. Leonard Mark Hickman,male,24,2,0,73.5,Second
No,Mr. Alexander Radeff,male,27,0,0,7.8958,Third
No,Mrs. John (Catherine) Bourke,female,32,1,1,15.5,Third
No,Mr. George Floyd Eitemiller,male,23,0,0,13,Second
No,Mr. Arthur Webster Newell,male,58,0,2,113.275,First
Yes,Dr. Henry William Frauenthal,male,50,2,0,133.65,First
No,Mr. Mohamed Badt,male,40,0,0,7.225,Third
No,Mr. Edward Pomeroy Colley,male,47,0,0,25.5875,First
No,Mr. Peju Coleff,male,36,0,0,7.4958,Third
Yes,Mr. Eino William Lindqvist,male,20,1,0,7.925,Third
No,Mr. Lewis Hickman,male,32,2,0,73.5,Second
No,Mr. Reginald Fenton Butler,male,25,0,0,13,Second
No,Mr. Knud Paust Rommetvedt,male,49,0,0,7.775,Third
No,Mr. Jacob Cook,male,43,0,0,8.05,Third
Yes,Mrs. Elmer Zebley (Juliet Cummins Wright) Taylor,female,48,1,0,52,First
Yes,Mrs. Thomas William Solomon (Elizabeth Catherine Ford) Brown,female,40,1,1,39,Second
No,Mr. Thornton Davidson,male,31,1,0,52,First
No,Mr. Henry Michael Mitchell,male,70,0,0,10.5,Second
Yes,Mr. Charles Wilhelms,male,31,0,0,13,Second
No,Mr. Ennis Hastings Watson,male,19,0,0,0,Second
No,Mr. Gustaf Hjalmar Edvardsson,male,18,0,0,7.775,Third
No,Mr. Frederick Charles Sawyer,male,24.5,0,0,8.05,Third
Yes,Miss. Anna Sofia Turja,female,18,0,0,9.8417,Third
No,Mrs. Frederick (Augusta Tyler) Goodwin,female,43,1,6,46.9,Third
Yes,Mr. Thomas Drake Martinez Cardeza,male,36,0,1,512.3292,First
No,Miss. Katie Peters,female,28,0,0,8.1375,Third
Yes,Mr. Hammad Hassab,male,27,0,0,76.7292,First
No,Mr. Thor Anderson Olsvigen,male,20,0,0,9.225,Third
No,Mr. Charles Edward Goodwin,male,14,5,2,46.9,Third
No,Mr. Thomas William Solomon Brown,male,60,1,1,39,Second
No,Mr. Joseph Philippe Lemercier Laroche,male,25,1,2,41.5792,Second
No,Mr. Jaako Arnold Panula,male,14,4,1,39.6875,Third
No,Mr. Branko Dakic,male,19,0,0,10.1708,Third
No,Mr. Eberhard Thelander Fischer,male,18,0,0,7.7958,Third
Yes,Miss. Georgette Alexandra Madill,female,15,0,1,211.3375,First
Yes,Mr. Albert Adrian Dick,male,31,1,0,57,First
Yes,Miss. Manca Karun,female,4,0,1,13.4167,Third
Yes,Mr. Ali Lam,male,37,0,0,56.4958,Third
No,Mr. Khalil Saad,male,25,0,0,7.225,Third
No,Col. John Weir,male,60,0,0,26.55,First
No,Mr. Charles Henry Chapman,male,52,0,0,13.5,Second
No,Mr. James Kelly,male,44,0,0,8.05,Third
Yes,Miss. Katherine Mullens,female,19,0,0,7.7333,Third
No,Mr. John Borland Thayer,male,49,1,1,110.8833,First
No,Mr. Adolf Mathias Nicolai Olsen Humblen,male,42,0,0,7.65,Third
Yes,Mrs. John Jacob (Madeleine Talmadge Force) Astor,female,18,1,0,227.525,First
Yes,Mr. Spencer Victor Silverthorne,male,35,0,0,26.2875,First
No,Miss. Saiide Barbara,female,18,0,1,14.4542,Third
No,Mr. Martin Gallagher,male,25,0,0,7.7417,Third
No,Mr. Henrik Juul Hansen,male,26,1,0,7.8542,Third
No,Mr. Henry Samuel Morley,male,39,0,0,26,Second
Yes,Mrs. Florence Kelly,female,45,0,0,13.5,Second
Yes,Mr. Edward Pennington Calderhead,male,42,0,0,26.2875,First
Yes,Miss. Alice Cleaver,female,22,0,0,151.55,First
Yes,Master. Halim Gonios Moubarek,male,4,1,1,15.2458,Third
Yes,Mlle. Berthe Antonine Mayne,female,24,0,0,49.5042,First
No,Mr. Herman Klaber,male,41,0,0,26.55,First
Yes,Mr. Elmer Zebley Taylor,male,48,1,0,52,First
No,Mr. August Viktor Larsson,male,29,0,0,9.4833,Third
No,Mr. Samuel Greenberg,male,52,0,0,13,Second
No,Mr. Peter Andreas Lauritz Andersen Soholt,male,19,0,0,7.65,Third
Yes,Miss. Caroline Louise Endres,female,38,0,0,227.525,First
Yes,Miss. Edwina Celia Troutt,female,27,0,0,10.5,Second
No,Mr. Malkolm Joackim Johnson,male,33,0,0,7.775,Third
Yes,Miss. Annie Jessie Harper,female,6,0,1,33,Second
No,Mr. Svend Lauritz Jensen,male,17,1,0,7.0542,Third
No,Mr. William Henry Gillespie,male,34,0,0,13,Second
No,Mr. Henry Price Hodges,male,50,0,0,13,Second
Yes,Mr. Norman Campbell Chambers,male,27,1,0,53.1,First
No,Mr. Luka Oreskovic,male,20,0,0,8.6625,Third
Yes,Mrs. Peter Henry (Lillian Jefferys) Renouf,female,30,3,0,21,Second
Yes,Miss. Margareth Mannion,female,28,0,0,7.7375,Third
No,Mr. Kurt Arnold Gottfrid Bryhl,male,25,1,0,26,Second
No,Miss. Pieta Sofia Ilmakangas,female,25,1,0,7.925,Third
Yes,Miss. Elisabeth Walton Allen,female,29,0,0,211.3375,First
No,Mr. Houssein G N Hassan,male,11,0,0,18.7875,Third
No,Mr. Robert J Knight,male,41,0,0,0,Second
No,Mr. William John Berriman,male,23,0,0,13,Second
No,Mr. Moses Aaron Troupiansky,male,23,0,0,13,Second
No,Mr. Leslie Williams,male,28.5,0,0,16.1,Third
No,Mrs. Edward (Margaret Ann Watson) Ford,female,48,1,3,34.375,Third
Yes,Mr. Gustave J Lesurer,male,35,0,0,512.3292,First
No,Mr. Kanio Ivanoff,male,20,0,0,7.8958,Third
No,Mr. Minko Nankoff,male,32,0,0,7.8958,Third
Yes,Mr. Walter James Hawksford,male,45,0,0,30,First
No,Mr. Tyrell William Cavendish,male,36,1,0,78.85,First
Yes,Miss. Susan Parker Ryerson,female,21,2,2,262.375,First
No,Mr. Neal McNamee,male,24,1,0,16.1,Third
Yes,Mr. Juho Stranden,male,31,0,0,7.925,Third
No,Capt. Edward Gifford Crosby,male,70,1,1,71,First
No,Mr. Rossmore Edward Abbott,male,16,1,1,20.25,Third
Yes,Miss. Anna Sinkkonen,female,30,0,0,13,Second
No,Mr. Daniel Warner Marvin,male,19,1,0,53.1,First
No,Mr. Michael Connaghton,male,31,0,0,7.75,Third
Yes,Miss. Joan Wells,female,4,1,1,23,Second
Yes,Master. Meier Moor,male,6,0,1,12.475,Third
No,Mr. Johannes Joseph Vande Velde,male,33,0,0,9.5,Third
No,Mr. Lalio Jonkoff,male,23,0,0,7.8958,Third
Yes,Mrs. Samuel (Jane Laver) Herman,female,48,1,2,65,Second
Yes,Master. Viljo Hamalainen,male,0.67,1,1,14.5,Second
No,Mr. August Sigfrid Carlsson,male,28,0,0,7.7958,Third
No,Mr. Percy Andrew Bailey,male,18,0,0,11.5,Second
No,Mr. Thomas Leonard Theobald,male,34,0,0,8.05,Third
Yes,the Countess. of (Lucy Noel Martha Dyer-Edwards) Rothes,female,33,0,0,86.5,First
No,Mr. John Garfirth,male,23,0,0,14.5,Third
No,Mr. Iisakki Antino Aijo Nirva,male,41,0,0,7.125,Third
Yes,Mr. Hanna Assi Barah,male,20,0,0,7.2292,Third
Yes,Mrs. William Ernest (Lucile Polk) Carter,female,36,1,2,120,First
No,Mr. Hans Linus Eklund,male,16,0,0,7.775,Third
Yes,Mrs. John C (Anna Andrews) Hogeboom,female,51,1,0,77.9583,First
No,Dr. Arthur Jackson Brewe,male,46,0,0,39.6,First
No,Miss. Mary Mangan,female,30.5,0,0,7.75,Third
No,Mr. Daniel J Moran,male,28,1,0,24.15,Third
No,Mr. Daniel Danielsen Gronnestad,male,32,0,0,8.3625,Third
No,Mr. Rene Aime Lievens,male,24,0,0,9.5,Third
No,Mr. Niels Peder Jensen,male,48,0,0,7.8542,Third
No,Mrs. (Mary) Mack,female,57,0,0,10.5,Second
No,Mr. Dibo Elias,male,29,0,0,7.225,Third
Yes,Mrs. Elizabeth (Eliza Needs) Hocking,female,54,1,3,23,Second
No,Mr. Pehr Fabian Oliver Malkolm Myhrman,male,18,0,0,7.75,Third
No,Mr. Roger Tobin,male,20,0,0,7.75,Third
Yes,Miss. Virginia Ethel Emanuel,female,5,0,0,12.475,Third
No,Mr. Thomas J Kilgannon,male,22,0,0,7.7375,Third
Yes,Mrs. Edward Scott (Elisabeth Walton McMillan) Robert,female,43,0,1,211.3375,First
Yes,Miss. Banoura Ayoub,female,13,0,0,7.2292,Third
Yes,Mrs. Albert Adrian (Vera Gillespie) Dick,female,17,1,0,57,First
No,Mr. Milton Clyde Long,male,29,0,0,30,First
No,Mr. Andrew G Johnston,male,35,1,2,23.45,Third
No,Mr. William Ali,male,25,0,0,7.05,Third
No,Mr. Abraham (David Lishin) Harmer,male,25,0,0,7.25,Third
Yes,Miss. Anna Sofia Sjoblom,female,18,0,0,7.4958,Third
No,Master. George Hugh Rice,male,8,4,1,29.125,Third
Yes,Master. Bertram Vere Dean,male,1,1,2,20.575,Third
No,Mr. Benjamin Guggenheim,male,46,0,0,79.2,First
No,Mr. Andrew Keane,male,20,0,0,7.75,Third
No,Mr. Alfred Gaskell,male,16,0,0,26,Second
No,Miss. Stella Anna Sage,female,21,8,2,69.55,Third
No,Mr. William Fisher Hoyt,male,43,0,0,30.6958,First
No,Mr. Ristiu Dantcheff,male,25,0,0,7.8958,Third
No,Mr. Richard Otter,male,39,0,0,13,Second
Yes,Dr. Alice (Farnham) Leader,female,49,0,0,25.9292,First
Yes,Mrs. Mara Osman,female,31,0,0,8.6833,Third
No,Mr. Yousseff Ibrahim Shawah,male,30,0,0,7.2292,Third
No,Mrs. Jean Baptiste (Rosalie Paula Govaert) Van Impe,female,30,1,1,24.15,Third
No,Mr. Martin Ponesell,male,34,0,0,13,Second
Yes,Mrs. Harvey (Charlotte Annie Tate) Collyer,female,31,1,1,26.25,Second
Yes,Master. William Thornton II Carter,male,11,1,2,120,First
Yes,Master. Assad Alexander Thomas,male,0.42,0,1,8.5167,Third
Yes,Mr. Oskar Arvid Hedman,male,27,0,0,6.975,Third
No,Mr. Karl Johan Johansson,male,31,0,0,7.775,Third
No,Mr. Thomas Jr Andrews,male,39,0,0,0,First
No,Miss. Ellen Natalia Pettersson,female,18,0,0,7.775,Third
No,Mr. August Meyer,male,39,0,0,13,Second
Yes,Mrs. Norman Campbell (Bertha Griggs) Chambers,female,33,1,0,53.1,First
No,Mr. William Alexander,male,26,0,0,7.8875,Third
No,Mr. James Lester,male,39,0,0,24.15,Third
No,Mr. Richard James Slemen,male,35,0,0,10.5,Second
No,Miss. Ebba Iris Alfrida Andersson,female,6,4,2,31.275,Third
No,Mr. Ernest Portage Tomlin,male,30.5,0,0,8.05,Third
No,Mr. Richard Fry,male,39,0,0,0,First
No,Miss. Wendla Maria Heininen,female,23,0,0,7.925,Third
No,Mr. Albert Mallet,male,31,1,1,37.0042,Second
No,Mr. John Fredrik Alexander Holm,male,43,0,0,6.45,Third
No,Master. Karl Thorsten Skoog,male,10,3,2,27.9,Third
Yes,Mrs. Charles Melville (Clara Jennings Gregg) Hays,female,52,1,1,93.5,First
Yes,Mr. Nikola Lulic,male,27,0,0,8.6625,Third
No,Jonkheer. John George Reuchlin,male,38,0,0,0,First
Yes,Mrs. (Beila) Moor,female,27,0,1,12.475,Third
No,Master. Urho Abraham Panula,male,2,4,1,39.6875,Third
No,Mr. John Flynn,male,36,0,0,6.95,Third
No,Mr. Len Lam,male,23,0,0,56.4958,Third
Yes,Master. Andre Mallet,male,1,0,2,37.0042,Second
Yes,Mr. Thomas Joseph McCormack,male,19,0,0,7.75,Third
Yes,Mrs. George Nelson (Martha Evelyn) Stone,female,62,0,0,80,First
Yes,Mrs. Antoni (Selini Alexander) Yasbeck,female,15,1,0,14.4542,Third
Yes,Master. George Sibley Richards,male,0.83,1,1,18.75,Second
No,Mr. Amin Saad,male,30,0,0,7.2292,Third
No,Mr. Albert Augustsson,male,23,0,0,7.8542,Third
No,Mr. Owen George Allum,male,18,0,0,8.3,Third
Yes,Miss. Sara Rebecca Compton,female,39,1,1,83.1583,First
No,Mr. Jakob Pasic,male,21,0,0,8.6625,Third
No,Mr. Maurice Sirota,male,20,0,0,8.05,Third
Yes,Mr. Chang Chip,male,32,0,0,56.4958,Third
Yes,Mr. Pierre Marechal,male,29,0,0,29.7,First
No,Mr. Ilmari Rudolf Alhomaki,male,20,0,0,7.925,Third
No,Mr. Thomas Charles Mudd,male,16,0,0,10.5,Second
Yes,Miss. Augusta Serepeca,female,30,0,0,31,First
No,Mr. Peter L Lemberopolous,male,34.5,0,0,6.4375,Third
No,Mr. Jeso Culumovic,male,17,0,0,8.6625,Third
No,Mr. Anthony Abbing,male,42,0,0,7.55,Third
No,Mr. Douglas Bullen Sage,male,18,8,2,69.55,Third
No,Mr. Marin Markoff,male,35,0,0,7.8958,Third
No,Rev. John Harper,male,28,0,1,33,Second
Yes,Mrs. Samuel L (Edwiga Grabowska) Goldenberg,female,40,1,0,89.1042,First
No,Master. Sigvard Harald Elias Andersson,male,4,4,2,31.275,Third
No,Mr. Johan Svensson,male,74,0,0,7.775,Third
No,Miss. Nourelain Boulos,female,9,1,1,15.2458,Third
Yes,Miss. Mary Conover Lines,female,16,0,1,39.4,First
No,Mrs. Ernest Courtenay (Lilian Hughes) Carter,female,44,1,0,26,Second
Yes,Mrs. Sam (Leah Rosen) Aks,female,18,0,1,9.35,Third
Yes,Mrs. George Dennick (Mary Hitchcock) Wick,female,45,1,1,164.8667,First
Yes,Mr. Peter Denis Daly,male,51,0,0,26.55,First
Yes,Mrs. Solomon (Latifa Qurban) Baclini,female,24,0,3,19.2583,Third
No,Mr. Raihed Razi,male,30,0,0,7.2292,Third
No,Mr. Claus Peter Hansen,male,41,2,0,14.1083,Third
No,Mr. Frederick Edward Giles,male,21,1,0,11.5,Second
Yes,Mrs. Frederick Joel (Margaret Welles Barron) Swift,female,48,0,0,25.9292,First
No,Miss. Dorothy Edith Sage,female,14,8,2,69.55,Third
No,Mr. John William Gill,male,24,0,0,13,Second
Yes,Mrs. (Karolina) Bystrom,female,42,0,0,13,Second
Yes,Miss. Asuncion Duran y More,female,27,1,0,13.8583,Second
No,Mr. Washington Augustus II Roebling,male,31,0,0,50.4958,First
No,Mr. Philemon van Melkebeke,male,23,0,0,9.5,Third
Yes,Master. Harold Theodor Johnson,male,4,1,1,11.1333,Third
No,Mr. Cerin Balkic,male,26,0,0,7.8958,Third
Yes,Mrs. Richard Leonard (Sallie Monypeny) Beckwith,female,47,1,1,52.5542,First
No,Mr. Frans Olof Carlsson,male,33,0,0,5,First
No,Mr. Victor Vander Cruyssen,male,47,0,0,9,Third
Yes,Mrs. Samuel (Hannah Wizosky) Abelson,female,28,1,0,24,Second
Yes,Miss. Adele Kiamie Najib,female,15,0,0,7.225,Third
No,Mr. Alfred Ossian Gustafsson,male,20,0,0,9.8458,Third
No,Mr. Nedelio Petroff,male,19,0,0,7.8958,Third
No,Mr. Kristo Laleff,male,23,0,0,7.8958,Third
Yes,Mrs. Thomas Jr (Lily Alexenia Wilson) Potter,female,56,0,1,83.1583,First
Yes,Mrs. William (Imanita Parrish Hall) Shelley,female,25,0,1,26,Second
No,Mr. Johann Markun,male,33,0,0,7.8958,Third
No,Miss. Gerda Ulrika Dahlberg,female,22,0,0,10.5167,Third
No,Mr. Frederick James Banfield,male,28,0,0,10.5,Second
No,Mr. Henry Jr Sutehall,male,25,0,0,7.05,Third
No,Mrs. William (Margaret Norton) Rice,female,39,0,5,29.125,Third
No,Rev. Juozas Montvila,male,27,0,0,13,Second
Yes,Miss. Margaret Edith Graham,female,19,0,0,30,First
No,Miss. Catherine Helen Johnston,female,7,1,2,23.45,Third
Yes,Mr. Karl Howell Behr,male,26,0,0,30,First
No,Mr. Patrick Dooley,male,32,0,0,7.75,Third