Engine_Size,Num_Doors,Price,Age_Month,KM,Mfr_Guarantee,Power_Steering
2.0,2/3-Doors,13500,23,46986,0,1
2.0,2/3-Doors,13750,23,72937,0,1
2.0,2/3-Doors,13950,24,41711,1,1
2.0,2/3-Doors,14950,26,48000,1,1
2.0,2/3-Doors,13750,30,38500,1,1
2.0,2/3-Doors,12950,32,61000,0,1
2.0,2/3-Doors,16900,27,94612,0,1
2.0,2/3-Doors,18600,30,75889,1,1
1.9,2/3-Doors,12950,23,71138,0,1
1.8,2/3-Doors,20950,25,31461,1,1
1.8,2/3-Doors,19950,22,43610,1,1
1.8,2/3-Doors,19600,25,32189,1,1
1.8,2/3-Doors,21500,31,23000,1,1
1.8,2/3-Doors,22500,32,34131,1,1
1.8,2/3-Doors,22000,28,18739,0,1
1.8,2/3-Doors,22750,30,34000,0,1
1.6,2/3-Doors,17950,24,21716,0,1
1.6,2/3-Doors,16750,24,25563,0,1
1.6,2/3-Doors,16950,30,64359,1,1
1.6,2/3-Doors,15950,30,67660,1,1
1.6,2/3-Doors,16950,29,43905,0,1
1.6,2/3-Doors,15950,28,56349,0,1
1.6,2/3-Doors,16950,28,32220,1,1
1.6,2/3-Doors,16250,29,25813,1,1
1.6,2/3-Doors,15950,25,28450,0,1
1.6,2/3-Doors,17495,27,34545,1,1
1.6,2/3-Doors,15750,29,41415,1,1
1.6,2/3-Doors,16950,28,44142,1,1
1.6,2/3-Doors,17950,30,11090,1,1
1.4,2/3-Doors,12950,29,9750,1,1
1.4,2/3-Doors,15750,22,35199,1,1
1.4,2/3-Doors,15950,27,29510,1,1
1.4,2/3-Doors,14950,26,32692,0,1
1.4,2/3-Doors,15500,22,41000,0,1
1.4,2/3-Doors,15750,26,43000,1,1
1.4,2/3-Doors,15950,25,25000,0,1
1.4,2/3-Doors,14950,23,10000,1,1
1.4,2/3-Doors,15750,32,25329,1,1
1.4,2/3-Doors,14750,27,27500,1,1
1.4,2/3-Doors,13950,22,49059,0,1
1.4,2/3-Doors,16750,27,44068,1,1
1.4,2/3-Doors,13950,22,46961,1,1
2.0,4/5-Doors,16950,27,110404,1,1
2.0,4/5-Doors,16950,22,100250,1,1
2.0,4/5-Doors,19000,23,84000,0,1
2.0,4/5-Doors,17950,27,79375,0,1
1.4,4/5-Doors,15800,22,75048,0,1
2.0,4/5-Doors,17950,22,72215,1,1
1.8,4/5-Doors,21950,31,64982,1,1
2.0,4/5-Doors,17950,22,62636,1,1
1.4,4/5-Doors,15750,30,57086,0,1
1.6,4/5-Doors,20500,26,56000,1,1
1.8,4/5-Doors,21950,27,49866,0,1
1.6,4/5-Doors,15500,25,49163,0,1
1.6,4/5-Doors,13250,32,45725,1,1
1.4,4/5-Doors,15250,28,43210,0,1
1.4,4/5-Doors,15250,26,43000,1,1
1.6,4/5-Doors,18950,23,39704,1,1
1.6,4/5-Doors,15999,30,38950,0,1
1.4,4/5-Doors,14950,22,37400,0,1
1.6,4/5-Doors,16500,27,37177,0,1
1.6,4/5-Doors,18750,31,36544,1,1
1.6,4/5-Doors,17950,30,33511,1,1
1.4,4/5-Doors,17950,27,32809,0,1
1.6,4/5-Doors,16950,26,32181,0,1
1.6,4/5-Doors,18950,28,30993,1,1
1.4,4/5-Doors,14950,22,30400,0,1
2.0,4/5-Doors,22250,22,30000,1,1
1.4,4/5-Doors,15950,25,29719,1,1
1.4,4/5-Doors,15950,28,29206,1,1
1.4,4/5-Doors,12995,32,29198,1,1
1.6,4/5-Doors,18950,28,28817,1,1
1.4,4/5-Doors,15750,23,28227,0,1
1.6,4/5-Doors,19950,28,28000,1,1
1.6,4/5-Doors,16950,23,28000,1,1
1.6,4/5-Doors,18750,31,25266,1,1
1.6,4/5-Doors,18450,27,23489,0,1
1.6,4/5-Doors,16895,29,22575,1,1
1.4,4/5-Doors,14900,30,22000,1,1
1.6,4/5-Doors,18950,25,20019,0,1
1.6,4/5-Doors,17250,29,20000,1,1
1.4,4/5-Doors,15450,25,17003,0,1
1.6,4/5-Doors,17950,31,16238,1,1
1.4,4/5-Doors,16650,25,15414,1,1
1.6,4/5-Doors,17450,28,8537,0,1
1.4,4/5-Doors,14900,30,7000,0,1
2.0,2/3-Doors,17950,20,66966,0,1
1.4,2/3-Doors,15950,19,51884,1,1
2.0,2/3-Doors,21950,19,50005,1,1
1.4,2/3-Doors,16450,20,48110,1,1
2.0,2/3-Doors,22250,20,37500,0,1
2.0,2/3-Doors,19950,16,34472,0,1
1.4,2/3-Doors,15950,20,33329,0,1
1.6,2/3-Doors,18900,20,31850,0,1
2.0,2/3-Doors,19950,17,30351,0,1
1.4,2/3-Doors,15950,19,29435,0,1
1.4,2/3-Doors,15950,19,25948,1,1
1.6,2/3-Doors,18750,11,24500,0,1
1.4,2/3-Doors,17450,18,23902,1,1
1.6,2/3-Doors,18990,20,23175,1,1
1.4,2/3-Doors,16250,19,19200,0,1
1.4,2/3-Doors,18500,13,18000,0,1
1.6,2/3-Doors,18500,11,16123,1,1
1.6,2/3-Doors,19450,11,14635,1,1
1.4,2/3-Doors,16950,19,13748,1,1
1.6,2/3-Doors,18800,14,11500,0,1
1.4,2/3-Doors,17450,17,10000,1,1
1.6,2/3-Doors,17950,20,7187,1,1
2.0,4/5-Doors,22950,7,10000,0,1
2.0,Stationwagen,24990,8,6000,1,1
2.0,4/5-Doors,21950,8,10841,0,1
1.6,2/3-Doors,17900,7,1,0,1
2.0,4/5-Doors,19250,20,63000,0,1
2.0,4/5-Doors,22250,17,57313,1,1
1.6,4/5-Doors,18950,13,57037,0,1
2.0,4/5-Doors,19950,19,51099,0,1
1.6,4/5-Doors,16350,14,40010,1,1
1.6,4/5-Doors,18950,20,39115,1,1
1.6,4/5-Doors,16950,17,36012,1,1
1.6,4/5-Doors,21750,16,36000,1,1
1.6,4/5-Doors,15950,20,36000,0,1
1.4,4/5-Doors,16500,20,35000,0,1
1.4,4/5-Doors,17950,17,33740,0,1
1.6,4/5-Doors,15850,13,33477,0,1
1.4,4/5-Doors,16250,20,32627,0,1
1.4,4/5-Doors,15950,20,29797,1,1
1.4,4/5-Doors,16250,19,29441,0,1
1.4,4/5-Doors,16500,20,29000,0,1
1.4,4/5-Doors,16500,19,27821,1,1
1.4,4/5-Doors,18450,19,27371,0,1
1.6,4/5-Doors,16250,13,25170,0,1
1.6,4/5-Doors,19900,20,23000,0,1
1.4,4/5-Doors,16450,20,22588,1,1
1.8,4/5-Doors,23950,19,21684,0,1
1.6,4/5-Doors,19950,13,21428,1,1
1.6,4/5-Doors,18500,16,20629,1,1
1.6,4/5-Doors,18950,15,20270,1,1
1.4,4/5-Doors,16450,16,20105,1,1
1.6,4/5-Doors,20500,20,20000,0,1
1.6,4/5-Doors,24500,13,19988,1,1
1.6,4/5-Doors,19450,19,18328,1,1
1.6,4/5-Doors,20950,14,17896,0,1
1.4,4/5-Doors,17200,20,17300,1,1
1.6,4/5-Doors,19950,19,17038,1,1
1.4,4/5-Doors,18450,10,13747,1,1
1.6,4/5-Doors,19500,12,13634,1,1
1.6,4/5-Doors,21750,13,13178,1,1
1.4,4/5-Doors,16868,15,13157,1,1
1.6,4/5-Doors,19500,16,13000,1,1
1.6,4/5-Doors,18900,11,12500,1,1
1.6,4/5-Doors,19750,17,11999,0,1
1.6,4/5-Doors,19750,16,11754,0,1
1.6,4/5-Doors,18950,16,11000,1,1
1.6,4/5-Doors,20750,17,10000,0,1
1.6,4/5-Doors,19600,9,7650,0,1
1.6,4/5-Doors,19500,14,6500,0,1
1.4,4/5-Doors,17650,11,6155,1,1
1.6,4/5-Doors,19950,14,6000,0,1
1.6,4/5-Doors,19950,14,5459,0,1
1.6,4/5-Doors,20950,14,5278,1,1
1.6,4/5-Doors,20500,12,5000,1,1
1.4,4/5-Doors,17795,9,1,0,1
1.6,4/5-Doors,18245,9,1,0,1
1.6,4/5-Doors,23750,8,11000,0,1
1.4,4/5-Doors,19500,8,10077,1,1
1.4,4/5-Doors,18950,8,10000,0,1
1.6,4/5-Doors,21950,8,9788,1,1
1.6,4/5-Doors,19950,8,8574,1,1
1.6,4/5-Doors,18950,8,7000,0,1
1.6,4/5-Doors,19950,7,6250,0,1
1.6,4/5-Doors,21950,8,5000,0,1
1.6,4/5-Doors,22500,6,3000,1,1
1.6,4/5-Doors,18500,7,2000,0,1
1.4,4/5-Doors,18700,7,450,0,1
1.4,4/5-Doors,21125,2,225,1,1
1.6,4/5-Doors,21500,2,15,1,1
1.4,4/5-Doors,17795,1,1,0,1
1.6,4/5-Doors,18245,1,1,0,1
1.9,2/3-Doors,6950,43,243000,0,1
2.0,4/5-Doors,9500,38,180638,0,1
2.0,4/5-Doors,11950,40,179860,0,1
1.6,2/3-Doors,7750,43,178858,0,1
1.9,2/3-Doors,11950,40,161000,0,1
1.8,Stationwagen,4350,44,158320,0,1
1.8,4/5-Doors,4750,44,131273,0,1
1.9,4/5-Doors,11750,40,130062,0,1
1.9,Stationwagen,13250,41,123425,0,1
1.6,4/5-Doors,11950,37,118217,0,1
1.9,4/5-Doors,11900,44,110000,0,1
2.0,4/5-Doors,14750,39,108847,0,1
1.4,2/3-Doors,9950,42,105699,0,1
1.6,4/5-Doors,11950,39,98823,1,1
1.6,4/5-Doors,11495,44,96829,1,1
1.4,2/3-Doors,11250,40,96518,0,1
1.6,4/5-Doors,10500,42,92204,1,1
1.9,2/3-Doors,10450,35,91456,0,1
1.6,2/3-Doors,11500,44,89757,1,1
1.6,4/5-Doors,12500,40,85389,0,1
1.4,4/5-Doors,10950,43,85017,1,1
1.6,4/5-Doors,11450,41,84312,0,1
1.6,4/5-Doors,11950,37,82743,1,1
1.9,Stationwagen,13250,41,81106,0,1
2.0,4/5-Doors,14750,40,80425,0,1
1.6,4/5-Doors,11790,34,78677,0,1
1.6,4/5-Doors,11450,40,78425,0,1
2.0,2/3-Doors,13500,33,78108,1,1
1.6,4/5-Doors,10950,33,77321,0,1
1.9,2/3-Doors,13500,33,75699,1,1
1.4,2/3-Doors,10950,41,75697,1,1
1.4,2/3-Doors,10950,44,74846,1,1
1.6,4/5-Doors,12950,38,74319,1,1
1.6,4/5-Doors,11950,43,74285,0,1
1.6,4/5-Doors,12450,44,74172,1,1
1.6,4/5-Doors,11950,40,73042,1,1
1.6,4/5-Doors,14950,44,71793,1,1
1.6,4/5-Doors,12450,35,71200,0,1
1.6,Stationwagen,12950,38,67805,1,1
1.6,2/3-Doors,11950,35,65988,1,1
1.4,4/5-Doors,11690,34,65345,1,1
1.6,4/5-Doors,12450,42,64564,1,1
1.4,4/5-Doors,12750,36,63459,1,1
1.4,2/3-Doors,11925,44,63451,1,1
2.0,4/5-Doors,12950,33,62000,1,1
1.4,2/3-Doors,11950,42,61300,1,1
1.6,2/3-Doors,12900,41,61200,1,1
1.6,4/5-Doors,11900,41,61000,0,1
1.6,4/5-Doors,11650,38,60829,1,1
1.6,4/5-Doors,10950,44,60500,1,0
1.9,2/3-Doors,13950,35,59500,1,1
1.6,4/5-Doors,13950,44,59000,0,1
1.6,4/5-Doors,11950,40,58954,0,1
1.6,4/5-Doors,10950,38,58798,1,1
1.6,2/3-Doors,12450,38,58363,0,1
1.6,2/3-Doors,11950,43,58277,0,1
2.0,2/3-Doors,13500,33,57711,1,1
1.6,4/5-Doors,11690,33,57269,1,1
1.6,4/5-Doors,13500,39,56001,1,1
1.6,2/3-Doors,11950,42,55968,1,1
1.6,4/5-Doors,12900,39,55678,1,1
1.6,Stationwagen,13500,43,55539,1,1
1.6,4/5-Doors,11750,42,55400,1,1
1.6,4/5-Doors,11750,33,55350,1,1
1.6,4/5-Doors,10850,43,54600,1,1
1.6,4/5-Doors,11750,43,53773,1,1
1.6,4/5-Doors,14950,42,53719,1,1
1.6,4/5-Doors,9940,39,53644,0,1
1.6,4/5-Doors,12900,42,53350,1,1
1.6,4/5-Doors,13500,38,53000,0,1
1.4,2/3-Doors,11750,44,52084,1,1
1.4,2/3-Doors,11950,44,52000,0,1
1.6,4/5-Doors,13450,33,51945,0,1
1.4,2/3-Doors,11950,41,51732,0,1
1.6,Stationwagen,12495,39,50873,1,1
1.6,4/5-Doors,13500,41,50856,0,1
1.6,4/5-Doors,12750,40,50640,0,1
1.4,4/5-Doors,12000,39,50000,0,1
1.6,4/5-Doors,11950,38,49500,1,1
1.6,4/5-Doors,12495,44,49332,1,1
1.6,2/3-Doors,12450,34,49291,1,1
2.0,4/5-Doors,14750,40,48952,0,1
1.6,2/3-Doors,10950,39,48945,0,1
1.9,2/3-Doors,13500,33,48928,1,1
1.6,Stationwagen,12950,38,48197,1,1
1.9,2/3-Doors,13500,35,48052,1,1
1.6,4/5-Doors,13450,34,48011,1,1
1.6,4/5-Doors,13500,43,48000,0,1
1.6,Stationwagen,11480,41,47350,1,1
1.4,4/5-Doors,13450,39,46821,1,1
1.6,2/3-Doors,11495,39,46694,1,1
1.4,4/5-Doors,12750,43,46515,0,1
1.6,2/3-Doors,14990,38,46327,1,1
1.4,4/5-Doors,12950,35,46304,1,1
1.6,4/5-Doors,12950,40,45886,1,1
1.4,4/5-Doors,12850,39,45713,0,1
1.6,4/5-Doors,13950,40,45600,0,1
1.6,4/5-Doors,11950,41,45287,0,1
1.6,4/5-Doors,12950,39,45081,1,1
1.6,4/5-Doors,11700,40,44830,0,1
1.4,2/3-Doors,9950,37,44757,0,1
1.4,4/5-Doors,11895,44,44218,1,1
1.6,Stationwagen,12950,43,43632,0,1
1.6,2/3-Doors,12500,36,43427,1,1
1.6,4/5-Doors,13875,39,43254,1,1
1.6,2/3-Doors,10500,35,43000,0,1
1.6,4/5-Doors,12295,33,42823,1,1
1.6,4/5-Doors,13950,42,42560,1,1
1.6,2/3-Doors,10950,38,41754,0,1
1.6,4/5-Doors,12950,44,41499,1,1
1.6,4/5-Doors,12850,40,41339,1,1
1.6,4/5-Doors,13995,35,41000,1,1
1.6,2/3-Doors,13750,39,40000,0,1
1.6,4/5-Doors,12750,37,39757,1,1
1.6,2/3-Doors,12500,41,39659,1,1
1.6,2/3-Doors,13950,43,39650,0,1
1.4,2/3-Doors,11500,39,39524,1,1
1.4,4/5-Doors,13950,44,39516,1,1
1.4,4/5-Doors,11895,41,39439,1,1
1.4,2/3-Doors,9950,44,39000,0,1
1.6,2/3-Doors,13500,42,38932,0,0
1.4,2/3-Doors,11450,37,38812,1,1
1.6,4/5-Doors,12450,42,38665,1,1
1.6,4/5-Doors,12950,40,38653,1,1
1.6,4/5-Doors,13995,44,38461,1,1
1.4,2/3-Doors,11750,42,38078,0,1
1.4,4/5-Doors,11650,39,37782,0,1
1.4,2/3-Doors,9950,43,37576,0,1
1.6,4/5-Doors,13950,41,37533,0,1
1.6,4/5-Doors,12950,44,37389,1,1
1.4,2/3-Doors,10950,38,37320,0,1
1.4,2/3-Doors,9900,42,37000,1,1
1.6,4/5-Doors,11950,44,37000,0,1
1.6,4/5-Doors,11990,40,36566,1,1
1.6,4/5-Doors,10750,36,36269,0,1
1.6,4/5-Doors,13950,37,36074,0,1
1.6,2/3-Doors,11250,44,36066,1,1
1.6,4/5-Doors,12950,39,34599,0,1
1.6,4/5-Doors,11950,41,34000,0,1
1.4,2/3-Doors,10950,42,33623,0,1
1.6,4/5-Doors,12950,33,33591,0,1
1.6,4/5-Doors,12950,35,33258,1,1
1.6,4/5-Doors,11695,43,33113,1,1
1.6,4/5-Doors,11000,41,33000,0,1
1.6,4/5-Doors,13950,35,32941,1,1
1.6,4/5-Doors,11950,38,32781,1,1
1.6,2/3-Doors,11750,40,32532,1,1
1.4,4/5-Doors,12400,34,32431,1,1
1.6,2/3-Doors,12500,35,32000,0,1
1.6,4/5-Doors,12900,33,31000,0,1
1.6,2/3-Doors,12200,41,30989,0,1
1.6,2/3-Doors,12750,43,30742,1,1
1.6,4/5-Doors,11950,42,30190,1,1
2.0,4/5-Doors,11900,41,29716,0,1
1.6,2/3-Doors,11950,44,29716,1,1
1.6,2/3-Doors,14950,42,29640,1,1
1.4,4/5-Doors,11950,41,29056,1,1
1.6,4/5-Doors,12950,33,28715,1,1
1.6,4/5-Doors,14950,41,28571,1,1
1.6,2/3-Doors,13450,40,28362,0,1
1.6,4/5-Doors,13750,38,28150,0,1
1.6,2/3-Doors,12950,43,27301,1,1
1.6,4/5-Doors,12750,33,27240,0,1
1.4,4/5-Doors,11895,39,27170,1,1
1.4,4/5-Doors,9950,42,27141,1,1
1.6,4/5-Doors,12450,38,26262,0,1
1.4,4/5-Doors,12500,38,26000,1,1
1.6,2/3-Doors,14950,43,25228,1,1
1.6,4/5-Doors,13750,39,25062,1,1
1.6,4/5-Doors,12695,39,24723,1,1
1.6,2/3-Doors,14990,33,24650,1,1
1.6,4/5-Doors,12750,43,24553,1,1
1.6,4/5-Doors,14350,41,24475,0,1
1.6,2/3-Doors,12950,39,24444,1,1
1.4,2/3-Doors,11500,35,24011,1,1
1.4,2/3-Doors,11950,41,24000,0,1
1.6,4/5-Doors,13450,40,23616,0,1
1.6,4/5-Doors,12900,38,22865,1,1
1.3,4/5-Doors,10500,41,22780,1,1
1.4,2/3-Doors,10950,35,21904,0,1
1.4,2/3-Doors,11950,41,21651,1,1
1.6,4/5-Doors,11450,37,21500,1,1
1.6,4/5-Doors,13250,44,21027,1,1
1.6,4/5-Doors,10250,39,18500,0,1
1.6,4/5-Doors,13995,35,18000,1,1
1.4,4/5-Doors,11950,40,17051,1,1
1.4,4/5-Doors,13250,33,16512,0,1
1.6,4/5-Doors,12950,40,16325,0,1
1.4,4/5-Doors,11750,38,16000,0,1
1.6,4/5-Doors,11500,39,12000,0,1
1.4,4/5-Doors,13500,43,10000,0,1
1.9,2/3-Doors,6500,53,216000,0,1
1.9,4/5-Doors,6400,51,198167,0,1
1.9,2/3-Doors,7000,53,176000,0,1
2.0,4/5-Doors,7750,54,174139,0,1
1.9,4/5-Doors,8900,45,174000,0,1
1.6,2/3-Doors,8500,55,150000,0,1
2.0,4/5-Doors,8950,54,149329,0,1
1.6,4/5-Doors,9900,51,146736,0,1
1.9,4/5-Doors,10250,53,143513,0,0
1.6,4/5-Doors,9250,48,142130,0,1
1.9,Stationwagen,7750,48,140700,0,1
1.9,4/5-Doors,9450,54,138394,0,1
2.0,4/5-Doors,7750,55,137000,0,1
1.9,Stationwagen,8250,52,135258,0,1
1.6,Stationwagen,9950,49,131364,0,1
1.8,Stationwagen,4450,56,129155,0,1
1.6,2/3-Doors,9950,50,126110,0,1
1.6,4/5-Doors,9000,48,119742,0,1
1.9,4/5-Doors,9950,53,117913,0,1
2.0,2/3-Doors,12450,47,117430,0,1
1.6,4/5-Doors,10500,55,117175,1,1
1.6,4/5-Doors,10750,54,115558,1,1
1.4,2/3-Doors,8950,53,115113,1,1
1.9,4/5-Doors,10500,54,115046,0,1
2.0,4/5-Doors,5150,56,113997,0,1
1.4,4/5-Doors,10950,49,107859,1,1
1.4,2/3-Doors,9450,52,104805,1,1
1.6,4/5-Doors,9950,54,103454,1,1
1.9,Stationwagen,10950,51,103018,0,1
1.6,4/5-Doors,11900,47,102352,1,1
1.4,4/5-Doors,9950,50,102030,1,1
1.6,4/5-Doors,11950,54,101352,1,1
1.6,4/5-Doors,7900,50,99865,0,1
1.6,2/3-Doors,10950,52,99323,1,1
1.9,4/5-Doors,8950,48,98100,0,1
1.6,Stationwagen,11950,51,98040,1,1
1.6,2/3-Doors,10900,49,97600,0,1
1.6,4/5-Doors,9950,55,97234,0,1
2.0,2/3-Doors,9950,51,96135,0,1
1.6,4/5-Doors,10950,54,96100,1,1
2.0,2/3-Doors,8950,55,94401,0,1
1.3,2/3-Doors,8950,55,94122,0,1
1.6,2/3-Doors,10500,49,91340,1,1
1.4,2/3-Doors,8950,53,90200,0,1
1.9,4/5-Doors,9250,53,90097,1,1
2.0,4/5-Doors,11500,48,89049,0,1
1.6,Stationwagen,9750,52,89000,0,1
1.6,2/3-Doors,9950,45,87274,1,1
1.6,2/3-Doors,11450,49,86221,1,1
1.6,Stationwagen,12500,54,84598,0,1
1.6,4/5-Doors,10500,50,83567,0,1
1.6,Stationwagen,12950,50,83106,1,1
1.6,2/3-Doors,12200,50,82805,1,1
1.4,2/3-Doors,10950,50,82735,1,1
1.6,4/5-Doors,10950,54,81905,0,1
1.6,2/3-Doors,11290,49,80320,1,1
1.4,2/3-Doors,10750,49,80090,0,1
1.6,4/5-Doors,10895,53,79800,1,1
1.6,4/5-Doors,11500,47,78785,1,1
1.6,4/5-Doors,9750,48,78600,0,1
1.6,2/3-Doors,10250,55,77780,0,1
1.6,4/5-Doors,12500,49,77648,1,1
1.6,4/5-Doors,11950,54,77270,1,1
1.4,4/5-Doors,10750,50,76167,1,1
1.6,4/5-Doors,11450,46,75249,1,1
1.6,4/5-Doors,11950,54,75231,1,1
1.6,2/3-Doors,11750,48,75045,0,1
1.6,4/5-Doors,10950,50,74849,1,1
1.6,4/5-Doors,11950,55,74715,1,1
1.9,2/3-Doors,10995,49,74656,1,1
1.4,2/3-Doors,11450,56,74500,0,1
1.6,4/5-Doors,8900,49,74494,1,1
1.6,4/5-Doors,10500,50,73634,0,1
1.6,4/5-Doors,11750,47,73403,1,1
1.4,2/3-Doors,11450,49,73175,1,1
1.6,2/3-Doors,12000,52,73000,0,1
1.6,2/3-Doors,11950,50,72242,1,1
1.4,2/3-Doors,9850,53,72000,0,1
1.6,4/5-Doors,10950,54,71725,0,1
1.6,4/5-Doors,10950,54,71276,0,1
1.9,2/3-Doors,8695,50,70440,0,1
1.6,2/3-Doors,10990,53,70239,0,1
1.4,2/3-Doors,9500,55,69813,0,1
1.3,2/3-Doors,11950,49,69659,0,1
1.4,4/5-Doors,10750,46,69574,1,1
1.9,4/5-Doors,8750,47,69000,0,1
1.6,4/5-Doors,8750,49,68565,0,1
2.0,2/3-Doors,11450,55,68520,1,1
1.4,2/3-Doors,9950,46,68414,1,1
1.6,Stationwagen,11950,56,66777,1,1
1.6,Stationwagen,13950,52,66527,1,1
1.6,4/5-Doors,11250,54,66063,0,1
1.4,4/5-Doors,10900,50,65471,0,1
1.4,2/3-Doors,9750,56,65400,1,1
1.4,2/3-Doors,9950,52,65170,1,1
1.6,4/5-Doors,11950,56,65000,0,0
1.6,2/3-Doors,10450,48,64193,0,1
1.4,2/3-Doors,8950,54,64000,0,1
1.6,4/5-Doors,10250,54,63792,0,1
1.6,4/5-Doors,9930,53,63635,0,1
1.6,2/3-Doors,10500,54,63135,1,1
1.6,4/5-Doors,11950,54,63123,1,1
1.9,Stationwagen,11500,48,63000,0,1
1.6,4/5-Doors,11500,55,63000,0,1
1.6,4/5-Doors,11450,54,62987,0,1
1.6,2/3-Doors,9900,56,62751,0,1
1.4,2/3-Doors,9500,54,62519,0,1
1.4,4/5-Doors,10500,50,62280,0,1
1.6,4/5-Doors,10750,50,61672,0,1
2.0,4/5-Doors,8950,54,61000,0,1
1.6,2/3-Doors,12000,56,61000,1,1
1.6,4/5-Doors,10950,47,60348,1,1
1.6,4/5-Doors,10750,54,60239,0,1
1.4,2/3-Doors,9799,51,59000,0,1
1.4,4/5-Doors,11750,51,58761,0,1
1.6,4/5-Doors,11950,54,58745,1,1
1.6,2/3-Doors,11250,52,58596,0,1
1.6,4/5-Doors,11750,54,58530,0,1
1.6,2/3-Doors,10950,55,58377,1,1
1.6,4/5-Doors,11250,56,58142,1,1
1.4,2/3-Doors,9950,53,57948,0,1
1.6,4/5-Doors,9700,51,57645,0,1
1.6,4/5-Doors,11950,47,57500,0,1
1.6,2/3-Doors,9900,53,57475,0,1
1.6,2/3-Doors,9990,55,56743,0,1
1.4,2/3-Doors,9475,48,56675,0,1
1.6,4/5-Doors,11500,54,55877,1,1
1.6,4/5-Doors,11950,53,55500,1,1
1.4,4/5-Doors,11500,55,54900,1,1
1.6,4/5-Doors,10500,50,54465,0,1
1.4,4/5-Doors,10900,46,53700,1,1
1.4,4/5-Doors,11700,52,53561,1,1
1.6,4/5-Doors,11900,51,53408,0,1
1.6,Stationwagen,13950,51,53268,1,1
1.4,2/3-Doors,10950,49,53116,0,1
1.4,2/3-Doors,10500,56,52448,1,1
1.4,2/3-Doors,10750,55,52149,0,1
1.6,4/5-Doors,11950,55,52141,1,1
1.4,2/3-Doors,10000,56,52000,0,1
1.4,4/5-Doors,10495,48,50967,1,1
1.6,4/5-Doors,11450,50,50400,1,1
1.4,2/3-Doors,9400,54,50000,0,1
1.3,4/5-Doors,11950,51,50000,1,1
1.6,4/5-Doors,9650,53,49969,0,1
1.6,2/3-Doors,18950,49,49568,0,1
1.6,2/3-Doors,11450,51,49473,1,1
1.6,2/3-Doors,10250,52,49432,1,1
1.6,2/3-Doors,11450,48,49417,1,1
1.4,2/3-Doors,9950,54,49366,0,1
1.6,2/3-Doors,10500,56,48731,1,1
1.6,4/5-Doors,13750,54,48370,0,1
1.4,2/3-Doors,9950,48,48071,1,1
1.6,4/5-Doors,10250,54,47852,0,1
1.6,2/3-Doors,10850,54,47768,1,1
1.6,Stationwagen,11895,52,47689,1,1
1.6,2/3-Doors,12950,53,47451,0,1
1.6,4/5-Doors,11950,50,47219,1,1
1.6,4/5-Doors,10750,56,47211,1,1
1.4,4/5-Doors,9550,54,46856,0,1
1.3,4/5-Doors,10950,56,46500,1,1
1.6,4/5-Doors,11750,52,46449,1,1
2.0,4/5-Doors,10950,47,46391,0,1
1.6,2/3-Doors,12450,54,46230,1,1
1.6,4/5-Doors,10500,52,46029,1,1
1.4,2/3-Doors,10900,50,46000,1,1
1.6,Stationwagen,12950,50,45900,1,1
1.4,4/5-Doors,10950,47,45850,1,1
1.6,4/5-Doors,12500,56,45336,1,1
1.4,2/3-Doors,9950,55,44537,0,1
1.3,2/3-Doors,10750,56,43700,1,1
1.4,2/3-Doors,12500,48,43120,1,1
1.6,2/3-Doors,10450,49,41710,1,1
1.4,2/3-Doors,10750,52,41700,1,1
1.6,4/5-Doors,12950,49,41636,0,1
1.4,4/5-Doors,10995,50,41273,1,1
1.6,2/3-Doors,11950,49,40836,1,1
1.4,4/5-Doors,11250,50,40400,1,1
1.6,4/5-Doors,11950,47,40361,0,1
1.3,4/5-Doors,13750,54,40325,0,1
1.6,4/5-Doors,11000,47,40000,0,1
1.6,4/5-Doors,13500,50,39706,0,1
1.6,2/3-Doors,10950,54,39291,0,1
1.4,2/3-Doors,10750,54,39000,0,1
1.4,2/3-Doors,8950,47,38900,0,1
1.6,2/3-Doors,12950,51,38403,0,1
1.4,2/3-Doors,9750,56,37461,0,1
1.4,2/3-Doors,10900,54,37000,1,1
1.6,4/5-Doors,10995,55,36406,1,1
1.4,4/5-Doors,10750,48,36005,1,1
1.6,4/5-Doors,10950,52,36000,0,1
1.6,4/5-Doors,13000,49,36000,1,1
1.6,2/3-Doors,12950,45,36000,1,1
1.6,4/5-Doors,11500,52,35823,1,1
1.4,2/3-Doors,10950,56,35230,1,1
1.6,2/3-Doors,11710,48,35142,0,1
1.4,2/3-Doors,9980,49,34890,1,1
1.6,Stationwagen,12250,51,34882,1,1
1.6,4/5-Doors,11500,46,34000,1,1
1.6,4/5-Doors,11950,56,33998,1,1
1.6,2/3-Doors,11500,55,33230,0,1
1.6,4/5-Doors,11900,46,33021,1,1
1.4,2/3-Doors,11930,49,31999,0,1
1.4,2/3-Doors,10500,52,31579,0,1
1.4,2/3-Doors,8950,56,31000,0,1
1.4,4/5-Doors,10450,46,30806,1,1
1.3,Stationwagen,10500,55,30461,1,1
1.6,2/3-Doors,12950,50,29686,1,1
1.3,2/3-Doors,9950,55,29650,0,1
1.6,2/3-Doors,12900,52,29500,1,1
1.4,2/3-Doors,9950,48,28656,0,1
1.4,2/3-Doors,9950,55,27500,1,1
1.6,2/3-Doors,10950,48,26938,0,1
1.4,4/5-Doors,10950,53,26624,0,1
1.4,2/3-Doors,9950,47,26221,0,1
2.0,4/5-Doors,10950,50,22648,0,1
1.4,2/3-Doors,10800,50,22500,0,1
1.4,2/3-Doors,10500,56,19313,0,1
1.6,4/5-Doors,10450,50,17619,0,0
1.4,2/3-Doors,10600,51,17069,0,1
1.4,2/3-Doors,10450,48,15000,1,1
1.4,4/5-Doors,12950,50,10210,0,1
1.6,2/3-Doors,11250,47,5309,0,1
2.0,2/3-Doors,7500,50,1,0,1
1.4,2/3-Doors,8950,52,31000,0,0
2.0,4/5-Doors,6950,58,205000,0,1
2.0,2/3-Doors,7900,68,204250,0,1
1.3,4/5-Doors,5950,68,194545,0,1
2.0,2/3-Doors,7500,59,190900,0,1
2.0,4/5-Doors,7500,62,183500,0,1
2.0,2/3-Doors,6900,65,176184,0,1
2.0,4/5-Doors,5751,67,174833,0,1
1.3,2/3-Doors,6950,68,155720,0,1
1.6,4/5-Doors,7950,67,155500,0,1
2.0,2/3-Doors,7750,59,154783,0,1
2.0,4/5-Doors,7950,64,154462,0,1
1.6,2/3-Doors,8250,64,150585,0,1
2.0,Stationwagen,6250,67,149000,0,1
2.0,4/5-Doors,9500,62,147636,0,1
2.0,4/5-Doors,6900,59,144521,0,1
1.6,2/3-Doors,8450,64,144000,0,1
2.0,2/3-Doors,7350,65,140168,0,1
1.6,Stationwagen,8950,68,140000,0,1
2.0,2/3-Doors,6900,60,139800,0,1
1.6,2/3-Doors,8950,59,137050,0,1
1.6,2/3-Doors,8750,61,136956,0,1
1.6,4/5-Doors,7950,67,135337,0,1
2.0,2/3-Doors,8950,64,133769,0,1
2.0,4/5-Doors,8950,58,133405,0,1
2.0,4/5-Doors,8950,65,132807,1,1
2.0,4/5-Doors,7950,64,132393,0,1
1.6,2/3-Doors,7750,60,130270,0,1
2.0,4/5-Doors,7500,59,130000,0,1
2.0,4/5-Doors,8950,67,127000,1,1
2.0,4/5-Doors,9800,67,126800,0,1
1.6,Stationwagen,9450,66,126452,1,1
2.0,2/3-Doors,8750,68,125000,0,1
2.0,4/5-Doors,10500,61,123000,1,1
1.3,Stationwagen,7995,59,121626,0,1
1.6,Stationwagen,10450,64,120400,0,1
2.0,4/5-Doors,9950,66,120000,0,1
1.6,2/3-Doors,9950,68,119541,0,1
1.6,4/5-Doors,8950,68,119500,1,1
1.6,4/5-Doors,7950,68,119289,1,1
1.6,2/3-Doors,10950,57,118833,1,1
2.0,Stationwagen,9950,64,118000,0,1
1.6,4/5-Doors,8600,68,117955,1,1
1.3,2/3-Doors,7250,65,117609,0,1
2.0,2/3-Doors,6950,68,117000,0,1
1.3,4/5-Doors,8000,64,116000,0,1
1.6,4/5-Doors,9950,58,115715,0,1
1.6,4/5-Doors,9450,60,115191,1,1
1.6,2/3-Doors,7950,68,115071,0,1
1.6,2/3-Doors,9450,63,115000,0,1
1.6,4/5-Doors,9950,64,114846,1,1
2.0,2/3-Doors,6950,65,114383,0,1
1.6,4/5-Doors,8250,59,113700,1,1
1.3,2/3-Doors,9950,67,113118,1,1
1.3,4/5-Doors,8250,59,112827,0,1
1.6,4/5-Doors,9950,68,112116,1,1
1.6,2/3-Doors,10500,66,112000,1,1
2.0,4/5-Doors,7950,62,112000,0,1
1.6,2/3-Doors,9750,65,111769,1,1
1.6,4/5-Doors,9250,61,110853,0,1
1.6,2/3-Doors,9500,68,110287,0,1
1.6,4/5-Doors,9950,62,109547,1,1
1.6,2/3-Doors,7750,63,109230,1,1
1.6,4/5-Doors,9500,68,109150,0,1
1.6,4/5-Doors,9950,67,108793,1,1
1.6,2/3-Doors,9750,64,106784,0,1
1.3,4/5-Doors,9750,58,105942,1,1
1.3,2/3-Doors,5950,59,105000,0,1
1.3,4/5-Doors,8500,62,105000,0,1
1.6,Stationwagen,8495,68,104299,0,1
1.3,2/3-Doors,9250,67,104000,1,1
1.3,2/3-Doors,6900,68,104000,0,1
1.3,2/3-Doors,8950,58,103458,1,1
1.6,4/5-Doors,9500,63,103400,0,1
1.3,Stationwagen,9250,63,102807,0,1
1.6,Stationwagen,9895,68,102494,1,1
2.0,4/5-Doors,9950,57,102300,1,1
1.6,2/3-Doors,7950,61,102106,0,1
1.6,4/5-Doors,8750,68,101889,1,1
2.0,2/3-Doors,8250,57,101791,0,1
1.6,2/3-Doors,8950,63,101469,0,1
1.6,4/5-Doors,8950,68,101001,1,1
1.6,4/5-Doors,8950,61,100748,0,1
1.6,4/5-Doors,8950,65,100550,0,1
1.6,Stationwagen,9450,67,99781,0,1
1.3,2/3-Doors,8950,59,98658,0,1
1.6,4/5-Doors,9250,65,98500,0,1
1.3,4/5-Doors,8750,64,98291,0,1
1.6,2/3-Doors,9950,61,97648,1,1
1.6,4/5-Doors,9950,61,97425,0,1
1.3,2/3-Doors,9900,65,97173,1,1
1.3,4/5-Doors,8950,66,97046,0,1
1.6,2/3-Doors,8950,67,96000,0,1
2.0,4/5-Doors,12250,60,96000,0,1
1.6,4/5-Doors,9250,67,95750,0,1
1.6,2/3-Doors,10250,61,95147,0,1
1.6,2/3-Doors,8950,68,95000,1,1
1.6,2/3-Doors,7999,65,95000,0,1
1.6,2/3-Doors,9900,66,94606,0,1
1.3,4/5-Doors,8250,63,94504,1,1
1.6,4/5-Doors,10500,65,93428,0,1
1.3,2/3-Doors,8450,65,93408,0,1
1.6,Stationwagen,9900,68,93296,1,1
1.6,4/5-Doors,10500,62,93098,1,1
2.0,4/5-Doors,8500,67,92922,0,1
1.6,2/3-Doors,9500,61,92498,1,1
1.6,2/3-Doors,9450,65,92226,0,1
2.0,2/3-Doors,9900,68,91505,0,1
1.6,2/3-Doors,8250,64,91333,0,1
1.3,2/3-Doors,8750,65,91246,0,1
1.6,4/5-Doors,9500,58,91000,1,1
1.6,2/3-Doors,8450,68,90727,1,1
1.6,2/3-Doors,8490,62,90000,0,1
1.6,4/5-Doors,8750,60,89576,0,0
1.3,2/3-Doors,9750,64,89145,0,1
1.6,Stationwagen,9950,63,89000,0,1
1.6,2/3-Doors,8500,68,88807,0,1
1.6,4/5-Doors,8450,63,88685,1,1
1.6,4/5-Doors,7900,62,88667,1,1
1.6,2/3-Doors,8750,57,88480,1,1
1.3,2/3-Doors,7950,61,88127,1,1
1.3,2/3-Doors,6900,62,88000,0,1
1.3,2/3-Doors,8150,65,87821,1,1
1.3,4/5-Doors,10995,59,87654,1,1
1.6,2/3-Doors,8900,59,86888,0,1
1.3,4/5-Doors,9500,59,86871,0,1
1.6,4/5-Doors,8950,68,86714,1,1
1.6,2/3-Doors,11500,65,85889,0,1
1.6,2/3-Doors,10450,62,85000,0,1
1.3,2/3-Doors,10500,60,85000,1,1
1.6,4/5-Doors,9250,68,84976,1,1
1.6,Stationwagen,10950,65,84558,0,1
1.6,4/5-Doors,10450,62,84549,0,1
1.6,4/5-Doors,9250,68,84482,0,1
1.6,4/5-Doors,8750,62,83908,0,1
1.3,2/3-Doors,8750,67,83560,1,1
1.6,4/5-Doors,9800,68,83000,1,1
1.3,2/3-Doors,8250,64,82723,1,1
1.6,2/3-Doors,10450,62,82421,0,1
1.6,4/5-Doors,9750,58,82254,0,1
1.3,2/3-Doors,7450,65,82000,0,1
1.3,4/5-Doors,8450,68,81965,1,1
1.6,2/3-Doors,8250,66,81250,0,1
1.6,2/3-Doors,10950,65,81192,1,1
1.6,4/5-Doors,8950,61,81170,1,1
1.3,2/3-Doors,8750,66,81083,1,1
1.6,4/5-Doors,10450,61,80714,1,0
1.6,Stationwagen,10950,57,80470,1,1
1.6,4/5-Doors,8450,65,80439,0,1
1.6,2/3-Doors,9950,59,80430,0,1
1.6,2/3-Doors,9950,68,80426,1,1
1.3,2/3-Doors,8750,62,80265,1,0
1.6,4/5-Doors,9950,65,80153,1,1
1.6,4/5-Doors,9500,68,80121,1,1
1.6,4/5-Doors,8250,65,80086,0,1
1.6,4/5-Doors,10950,62,80000,0,1
1.3,4/5-Doors,7950,60,80000,0,1
1.3,2/3-Doors,8250,65,80000,0,1
1.6,4/5-Doors,9895,67,79858,1,1
1.3,2/3-Doors,9130,67,79762,0,1
1.3,4/5-Doors,10950,59,79660,1,1
1.6,4/5-Doors,10500,60,79150,1,1
1.6,2/3-Doors,8900,61,79000,1,1
1.3,4/5-Doors,9500,57,78955,1,1
2.0,Stationwagen,10950,59,78750,0,1
1.3,2/3-Doors,7950,68,78521,0,1
1.3,2/3-Doors,7950,64,78356,1,1
1.3,2/3-Doors,7950,65,78076,1,1
1.6,4/5-Doors,9500,61,78063,1,1
1.6,4/5-Doors,10950,67,77821,1,1
1.6,4/5-Doors,9750,68,77695,1,1
1.6,2/3-Doors,9750,65,77500,1,1
1.6,2/3-Doors,9450,63,77457,1,1
1.3,2/3-Doors,8950,68,77029,0,1
1.3,2/3-Doors,8950,68,77008,1,1
1.6,4/5-Doors,8900,66,76791,0,1
1.3,4/5-Doors,9950,61,76700,0,1
1.3,2/3-Doors,8750,67,76569,0,1
1.6,4/5-Doors,8950,59,76162,0,1
1.6,4/5-Doors,8990,65,76155,0,1
1.3,2/3-Doors,8950,61,75609,1,1
2.0,2/3-Doors,8950,62,75569,0,1
1.6,2/3-Doors,9950,67,75429,1,1
1.6,4/5-Doors,9900,68,75000,0,1
1.3,2/3-Doors,8950,65,75000,0,1
1.6,4/5-Doors,8950,62,75000,0,1
1.6,2/3-Doors,9500,66,74963,0,1
1.3,2/3-Doors,7950,68,74889,1,1
1.6,4/5-Doors,7750,68,74875,0,1
1.6,4/5-Doors,8950,63,74747,0,1
1.6,Stationwagen,11950,60,74720,1,1
1.6,4/5-Doors,8950,62,74457,0,1
1.3,4/5-Doors,11950,60,74337,0,1
1.6,2/3-Doors,8950,68,74308,1,1
1.6,2/3-Doors,9950,64,74193,1,1
1.6,2/3-Doors,8250,65,74179,0,1
1.3,Stationwagen,8995,67,73936,0,1
1.6,2/3-Doors,9995,61,73894,1,1
1.6,2/3-Doors,9250,64,73500,0,1
1.6,4/5-Doors,10950,64,73376,1,1
1.3,2/3-Doors,8900,64,73300,0,1
1.6,4/5-Doors,9500,58,73172,0,1
1.6,4/5-Doors,9950,58,72928,1,1
1.3,2/3-Doors,7950,67,72880,0,1
1.6,2/3-Doors,8250,63,72522,0,1
1.3,2/3-Doors,9450,64,72000,0,1
1.3,2/3-Doors,7950,57,72000,1,1
1.6,2/3-Doors,9500,59,71366,0,1
1.6,2/3-Doors,8950,65,71317,0,1
1.6,4/5-Doors,10950,62,71000,0,1
1.6,2/3-Doors,8950,60,70954,0,1
1.3,4/5-Doors,9450,63,70908,1,1
1.6,2/3-Doors,8000,58,70560,0,1
1.6,4/5-Doors,9900,67,70552,0,1
1.6,4/5-Doors,8950,62,70500,1,1
2.0,4/5-Doors,10900,60,70453,0,1
1.6,2/3-Doors,9450,59,70218,1,1
1.6,4/5-Doors,8450,64,70116,1,1
1.6,4/5-Doors,9500,65,70068,1,1
1.6,2/3-Doors,10500,67,70000,0,1
1.3,2/3-Doors,6950,68,70000,0,1
1.6,4/5-Doors,9750,68,69103,1,1
1.3,4/5-Doors,6950,58,69022,1,1
1.6,2/3-Doors,9650,67,69000,0,1
1.6,2/3-Doors,9950,68,68865,0,1
1.3,2/3-Doors,9250,58,68723,0,1
1.6,4/5-Doors,8950,63,68453,1,1
1.3,Stationwagen,9900,63,68238,1,1
1.6,Stationwagen,10995,63,68153,1,1
1.6,4/5-Doors,10500,65,68000,0,1
1.3,2/3-Doors,8950,65,68000,1,1
1.6,2/3-Doors,9750,67,67762,0,1
1.6,4/5-Doors,10950,68,67146,0,1
1.3,4/5-Doors,9750,67,67110,0,1
1.6,2/3-Doors,9950,59,67010,1,1
1.6,4/5-Doors,10500,65,67003,1,1
1.3,2/3-Doors,10400,68,66785,0,1
1.6,2/3-Doors,10500,61,66259,0,1
1.6,4/5-Doors,9250,62,66082,0,1
1.3,2/3-Doors,7800,65,66000,1,1
1.6,2/3-Doors,9950,61,66000,0,1
1.6,2/3-Doors,10750,63,65896,1,1
1.6,4/5-Doors,10950,67,65785,0,1
1.6,4/5-Doors,9950,65,65513,0,1
1.6,4/5-Doors,9950,59,65463,0,1
1.3,4/5-Doors,8100,68,65400,0,1
1.6,2/3-Doors,9250,60,65259,1,1
1.6,2/3-Doors,7800,64,65000,1,1
1.6,4/5-Doors,9000,68,65000,0,1
1.6,4/5-Doors,8950,57,65000,0,1
1.3,2/3-Doors,8950,62,64966,0,0
1.6,4/5-Doors,9950,68,64950,0,1
1.6,4/5-Doors,8500,60,64914,0,1
1.6,4/5-Doors,7995,62,64797,0,1
1.6,2/3-Doors,8750,65,64772,0,1
1.3,2/3-Doors,9750,63,64690,1,0
1.6,4/5-Doors,10950,65,64630,0,0
1.6,Stationwagen,9750,67,64613,1,1
1.3,2/3-Doors,8200,60,64383,1,1
2.0,4/5-Doors,8950,68,64000,0,1
1.3,2/3-Doors,9500,66,63881,0,1
2.0,4/5-Doors,10950,58,63870,0,1
1.3,4/5-Doors,9750,66,63328,0,1
1.3,4/5-Doors,9950,65,63000,1,1
1.3,2/3-Doors,10450,61,63000,0,1
1.6,2/3-Doors,9850,65,62396,0,1
1.6,4/5-Doors,9450,62,62377,0,1
1.6,2/3-Doors,10295,67,62316,1,1
1.6,2/3-Doors,9750,68,62292,0,1
1.6,2/3-Doors,8950,65,62225,0,1
1.6,4/5-Doors,9900,68,62222,0,1
1.3,4/5-Doors,8750,66,62135,1,1
1.6,4/5-Doors,9950,58,62024,0,1
1.3,2/3-Doors,8500,60,61977,0,1
1.6,4/5-Doors,9950,62,61930,1,1
1.6,2/3-Doors,10950,57,61682,1,1
1.6,4/5-Doors,9795,68,61568,1,1
1.6,4/5-Doors,8750,68,61504,1,1
1.6,2/3-Doors,8250,65,61384,0,1
1.6,4/5-Doors,9950,58,61343,0,1
1.6,4/5-Doors,9950,62,61254,1,1
1.6,2/3-Doors,10500,59,61166,0,1
1.3,4/5-Doors,9750,62,61149,1,1
1.6,Stationwagen,11250,61,61144,1,1
1.6,2/3-Doors,8900,59,61127,1,1
1.3,2/3-Doors,7950,60,61100,0,1
1.6,4/5-Doors,11500,68,61100,0,1
1.6,2/3-Doors,9450,57,61000,1,1
1.3,2/3-Doors,7995,65,60724,1,1
1.3,4/5-Doors,10995,59,60708,0,1
1.6,2/3-Doors,8950,61,60532,1,1
1.3,4/5-Doors,8250,67,60000,0,1
1.3,2/3-Doors,8950,66,60000,1,1
1.3,2/3-Doors,8950,65,60000,1,1
1.3,4/5-Doors,9500,62,59295,1,1
1.3,2/3-Doors,7500,65,59264,0,1
1.6,2/3-Doors,8950,63,59000,1,1
2.0,4/5-Doors,9950,63,59000,1,1
1.6,4/5-Doors,9750,65,59000,0,1
1.6,4/5-Doors,9450,61,59000,1,1
1.6,2/3-Doors,9950,65,59000,0,1
1.6,2/3-Doors,9750,68,58860,1,1
1.6,2/3-Doors,8950,65,58829,1,1
1.6,4/5-Doors,8250,66,58654,1,1
1.3,2/3-Doors,7750,65,58300,1,1
1.6,2/3-Doors,8950,60,58269,0,1
1.6,4/5-Doors,9950,64,58136,0,1
1.6,2/3-Doors,9450,66,58113,1,1
1.6,2/3-Doors,12950,67,58058,0,1
1.6,2/3-Doors,9950,58,58000,0,1
1.6,2/3-Doors,10495,62,58000,1,1
1.3,4/5-Doors,7950,68,57565,0,1
1.6,Stationwagen,10500,63,57413,1,1
1.6,4/5-Doors,8950,65,57374,0,1
1.6,4/5-Doors,9900,62,57179,0,1
1.6,2/3-Doors,9995,61,57169,0,1
1.6,2/3-Doors,9950,63,57124,0,1
1.6,2/3-Doors,9950,63,57000,0,1
1.6,2/3-Doors,8250,67,57000,0,1
1.3,4/5-Doors,9950,63,57000,0,1
1.3,2/3-Doors,8950,59,56259,0,1
1.6,2/3-Doors,10950,62,56209,1,1
1.3,4/5-Doors,9250,67,56074,1,1
1.6,4/5-Doors,9950,63,55942,1,1
1.3,4/5-Doors,9995,57,55844,0,1
1.3,2/3-Doors,8750,61,55747,0,1
1.3,4/5-Doors,10950,58,55478,0,1
1.6,4/5-Doors,10350,60,55085,1,1
1.6,4/5-Doors,9950,65,55061,0,1
1.3,2/3-Doors,8950,65,55000,0,0
1.6,4/5-Doors,10950,57,55000,0,1
1.6,4/5-Doors,10950,63,54936,1,1
1.6,4/5-Doors,8950,68,54875,1,1
1.6,2/3-Doors,8900,67,54847,1,1
1.6,2/3-Doors,10250,60,54554,1,1
1.6,4/5-Doors,9450,61,54125,0,1
1.6,2/3-Doors,9250,61,54000,1,1
1.6,4/5-Doors,10500,57,54000,0,1
1.3,4/5-Doors,7350,58,54000,0,1
1.6,4/5-Doors,10250,62,53285,1,1
1.6,4/5-Doors,11500,65,53053,0,1
2.0,2/3-Doors,8950,68,53000,0,1
1.3,2/3-Doors,7750,68,53000,0,1
1.6,2/3-Doors,9500,64,52968,1,1
1.3,2/3-Doors,8450,67,52800,0,1
1.6,2/3-Doors,8950,57,52548,0,1
1.6,4/5-Doors,8400,60,52487,0,1
1.3,2/3-Doors,9250,66,52383,0,1
1.6,4/5-Doors,8900,61,52112,0,1
1.6,2/3-Doors,8750,58,51712,0,1
1.6,4/5-Doors,10950,58,51421,0,1
1.3,4/5-Doors,8950,61,51235,0,1
1.3,2/3-Doors,8950,65,51000,0,1
1.6,4/5-Doors,8895,61,50925,1,1
1.6,4/5-Doors,8750,59,50469,1,1
1.6,4/5-Doors,9750,61,50173,0,1
1.6,4/5-Doors,9950,62,50000,0,1
1.6,2/3-Doors,10950,65,49942,0,1
1.6,Stationwagen,9900,67,49585,1,1
1.6,4/5-Doors,9500,62,49258,0,1
1.6,2/3-Doors,9950,61,49000,0,1
1.6,4/5-Doors,9950,63,48738,0,1
1.3,4/5-Doors,10500,62,47750,0,1
1.3,2/3-Doors,9950,63,47612,0,1
1.3,4/5-Doors,10495,68,47500,1,1
1.6,2/3-Doors,9500,66,47237,0,1
1.3,2/3-Doors,8500,58,47171,1,1
1.6,4/5-Doors,10450,60,47060,1,1
1.3,2/3-Doors,8950,65,47014,0,1
1.3,2/3-Doors,9900,59,46929,1,1
1.3,4/5-Doors,8900,63,46000,0,1
1.6,2/3-Doors,8745,65,45681,0,1
1.3,2/3-Doors,8750,65,45549,0,1
1.6,4/5-Doors,10750,57,45000,0,1
1.6,2/3-Doors,9750,57,45000,0,0
1.6,4/5-Doors,8850,65,45000,0,1
1.3,4/5-Doors,7950,66,45000,0,1
1.6,4/5-Doors,9450,63,45000,1,0
1.6,2/3-Doors,9950,61,45000,0,1
1.6,4/5-Doors,8250,63,44944,0,1
1.3,2/3-Doors,9950,61,44597,0,1
1.3,2/3-Doors,9995,68,44458,1,1
1.6,4/5-Doors,9950,59,43818,0,1
1.6,4/5-Doors,10495,60,43426,1,1
1.6,4/5-Doors,7950,58,43000,0,1
1.6,4/5-Doors,8950,68,43000,0,1
1.6,4/5-Doors,9695,57,43000,0,1
1.3,2/3-Doors,7750,64,43000,0,0
1.6,2/3-Doors,9950,68,42750,0,1
1.6,4/5-Doors,9950,67,42102,1,1
1.6,4/5-Doors,9950,63,41586,0,1
1.6,4/5-Doors,9900,64,41200,0,1
1.3,2/3-Doors,10950,57,40214,1,1
1.3,4/5-Doors,8950,60,40000,1,1
1.3,2/3-Doors,8950,66,39222,1,1
1.6,2/3-Doors,8250,66,39144,1,1
1.6,4/5-Doors,10250,62,39000,1,1
1.6,4/5-Doors,8750,61,38019,1,1
1.6,4/5-Doors,9750,68,37759,1,1
1.6,Stationwagen,10950,61,37500,1,1
1.6,2/3-Doors,10950,60,37111,1,1
1.3,2/3-Doors,9750,62,37000,0,1
1.6,2/3-Doors,8900,59,36954,1,1
1.6,4/5-Doors,9500,60,36943,1,1
1.3,Stationwagen,9950,63,36923,0,1
1.6,2/3-Doors,9950,66,36658,0,1
1.3,2/3-Doors,8250,65,36000,0,1
1.6,2/3-Doors,10450,65,36000,1,1
1.6,2/3-Doors,10950,62,35512,0,1
1.3,2/3-Doors,9250,65,35283,0,1
1.6,2/3-Doors,8900,68,35000,1,1
1.3,4/5-Doors,10900,57,35000,1,1
1.6,2/3-Doors,9750,64,34114,1,1
1.6,4/5-Doors,11950,58,34000,0,1
1.3,4/5-Doors,7900,68,33847,1,1
1.6,4/5-Doors,10900,57,33535,0,0
1.6,2/3-Doors,10450,65,33000,0,1
1.6,Stationwagen,10950,59,32150,0,1
1.3,2/3-Doors,9950,65,31588,1,1
1.6,2/3-Doors,10750,60,31480,0,1
1.6,4/5-Doors,9900,57,31307,1,1
1.6,4/5-Doors,10750,68,31000,0,1
1.6,4/5-Doors,10450,58,30634,1,1
1.3,4/5-Doors,9450,68,30300,1,1
1.3,2/3-Doors,10750,60,28500,0,1
1.6,4/5-Doors,10950,60,28500,0,1
1.3,2/3-Doors,10000,57,28000,0,1
1.6,2/3-Doors,10500,68,26698,0,1
1.6,2/3-Doors,12500,62,26000,0,1
1.3,4/5-Doors,8950,62,25505,1,1
1.6,4/5-Doors,10500,58,25000,0,1
1.6,2/3-Doors,9245,66,22835,1,1
1.6,4/5-Doors,10950,59,22705,1,1
1.3,2/3-Doors,9500,63,22178,0,1
1.6,2/3-Doors,10900,62,17345,0,1
1.3,4/5-Doors,10950,67,15535,0,1
1.3,4/5-Doors,9450,66,15110,0,1
2.0,Stationwagen,6950,79,218118,0,1
2.0,4/5-Doors,6000,78,217764,1,1
1.6,4/5-Doors,5250,79,207114,0,1
2.0,2/3-Doors,4400,74,203254,0,1
2.0,4/5-Doors,6750,77,200732,0,1
2.0,4/5-Doors,8500,69,197501,0,1
2.0,2/3-Doors,6150,80,194765,0,1
2.0,Stationwagen,6950,76,191620,0,1
2.0,2/3-Doors,5750,76,183277,0,1
2.0,4/5-Doors,8750,78,180378,0,1
2.0,2/3-Doors,6500,70,178800,0,1
1.6,4/5-Doors,5950,73,176177,0,1
1.3,4/5-Doors,6500,78,176000,0,1
2.0,Stationwagen,10500,77,172980,0,1
2.0,4/5-Doors,8500,77,170000,0,1
1.6,2/3-Doors,7950,71,164000,0,1
1.3,2/3-Doors,5800,78,161775,0,1
1.3,2/3-Doors,6750,80,160000,0,1
2.0,2/3-Doors,6950,78,159968,0,1
1.6,2/3-Doors,5740,74,159908,0,1
1.3,2/3-Doors,6550,73,158492,0,1
2.0,2/3-Doors,8950,69,156204,0,1
1.3,4/5-Doors,6750,73,156169,0,1
1.6,2/3-Doors,7950,78,155210,0,1
2.0,2/3-Doors,7950,69,155000,0,1
2.0,4/5-Doors,7450,76,154900,0,1
2.0,Stationwagen,7750,70,151300,0,1
1.6,4/5-Doors,6450,71,151000,0,1
2.0,2/3-Doors,7900,75,150000,0,1
2.0,2/3-Doors,6900,69,146304,0,1
1.3,2/3-Doors,5600,75,146197,0,1
1.6,4/5-Doors,5950,77,145996,0,1
1.3,2/3-Doors,6950,80,143560,0,1
1.3,Stationwagen,8950,79,138500,0,1
2.0,4/5-Doors,7950,74,137741,0,1
2.0,4/5-Doors,9500,80,137178,0,1
2.0,2/3-Doors,8600,76,134889,1,1
2.0,Stationwagen,5950,71,134660,0,1
1.6,4/5-Doors,7750,73,134539,0,1
2.0,4/5-Doors,7950,79,131500,0,1
1.6,2/3-Doors,6950,77,131307,0,1
1.6,2/3-Doors,7250,74,130025,0,1
1.3,4/5-Doors,6500,78,130000,0,1
1.6,4/5-Doors,7250,77,128960,0,1
1.6,4/5-Doors,9250,80,128351,0,1
1.6,2/3-Doors,8250,73,128006,1,1
2.0,2/3-Doors,7250,71,127159,0,1
1.6,4/5-Doors,5250,72,126478,0,1
1.6,4/5-Doors,7900,77,126000,0,1
1.6,2/3-Doors,6900,76,125778,0,1
1.6,2/3-Doors,7900,75,125400,0,1
2.0,4/5-Doors,7250,74,124910,0,1
1.6,2/3-Doors,8450,70,124743,0,1
1.6,4/5-Doors,7950,76,124591,1,1
1.6,2/3-Doors,7950,74,124057,1,1
1.6,2/3-Doors,6450,72,123403,1,1
1.6,4/5-Doors,6650,75,123104,0,1
1.3,2/3-Doors,7950,74,123077,0,1
1.3,4/5-Doors,7250,80,122820,0,1
1.6,2/3-Doors,7450,77,122290,0,1
1.6,4/5-Doors,7950,74,121900,0,1
1.6,4/5-Doors,7250,77,121545,0,1
2.0,2/3-Doors,8250,71,120474,0,1
2.0,4/5-Doors,8950,76,120263,0,1
1.6,2/3-Doors,7750,74,120196,0,1
1.6,Stationwagen,8500,71,120000,0,1
1.6,4/5-Doors,7750,78,120000,0,1
1.6,4/5-Doors,5750,73,115877,0,1
1.6,4/5-Doors,6900,76,115345,0,1
1.6,2/3-Doors,6500,71,115157,0,0
1.6,4/5-Doors,6500,78,115000,0,1
1.3,Stationwagen,7600,77,114258,0,1
2.0,4/5-Doors,8950,73,112963,1,1
1.6,4/5-Doors,7450,74,112307,1,1
1.3,2/3-Doors,7350,72,112000,0,1
1.3,2/3-Doors,7750,73,111602,0,1
1.6,2/3-Doors,7460,80,111392,0,1
1.6,Stationwagen,9250,76,110901,1,1
1.6,2/3-Doors,7250,80,110887,0,1
1.3,2/3-Doors,6500,72,110634,1,1
1.6,4/5-Doors,6800,80,110000,0,1
1.6,Stationwagen,8700,75,109540,1,1
1.6,4/5-Doors,7500,78,109263,0,1
1.6,2/3-Doors,7750,71,107516,1,1
1.6,2/3-Doors,7950,73,107108,0,1
1.6,2/3-Doors,9950,75,107000,0,1
1.6,4/5-Doors,6640,74,106250,0,1
1.3,2/3-Doors,8750,71,106150,0,0
1.6,2/3-Doors,7750,72,106108,0,1
1.3,2/3-Doors,5950,72,105856,0,1
1.3,2/3-Doors,6750,77,105152,0,1
1.6,2/3-Doors,6500,80,105135,0,1
1.6,2/3-Doors,8750,76,104344,0,1
1.6,2/3-Doors,7950,74,104150,0,1
1.3,2/3-Doors,6750,74,104000,0,1
1.3,4/5-Doors,7950,73,103121,0,0
1.3,2/3-Doors,7950,80,102300,0,1
1.6,4/5-Doors,8950,75,102005,0,1
1.3,2/3-Doors,7750,77,102000,1,1
1.6,4/5-Doors,6450,75,101855,0,1
1.6,2/3-Doors,6900,74,101773,0,1
1.6,Stationwagen,8450,75,101159,0,1
1.3,2/3-Doors,6750,74,101000,0,1
1.3,4/5-Doors,8050,74,100732,0,1
1.6,4/5-Doors,9500,79,100719,0,1
1.6,4/5-Doors,7750,78,100487,1,1
1.6,Stationwagen,8500,80,100458,0,1
1.6,2/3-Doors,7795,75,100192,1,1
1.6,2/3-Doors,6490,80,100123,1,1
1.6,2/3-Doors,7950,73,99971,0,1
1.3,4/5-Doors,6425,79,99397,0,1
1.3,4/5-Doors,8950,69,99374,0,1
1.6,4/5-Doors,6950,72,99245,0,1
1.6,Stationwagen,8750,79,98742,1,1
1.6,2/3-Doors,8450,71,98154,0,1
1.6,4/5-Doors,7950,77,98000,0,1
1.3,4/5-Doors,7950,80,97548,1,1
1.6,4/5-Doors,8900,78,97534,0,1
1.6,Stationwagen,8950,73,97494,1,1
1.6,Stationwagen,8900,73,97085,1,1
1.6,4/5-Doors,7950,69,97000,1,0
1.3,2/3-Doors,6495,74,96302,0,1
1.3,2/3-Doors,7250,78,96000,0,1
1.6,Stationwagen,9250,74,96000,1,1
1.6,4/5-Doors,6650,78,95909,0,1
1.6,Stationwagen,6990,79,95700,0,1
1.6,4/5-Doors,7750,78,95651,0,1
1.3,4/5-Doors,6950,79,95000,1,1
1.6,2/3-Doors,7250,80,94447,0,1
1.6,Stationwagen,9950,80,94079,1,1
1.6,4/5-Doors,9250,80,93841,0,1
1.3,4/5-Doors,7200,79,93090,0,1
1.6,4/5-Doors,8250,72,93066,0,1
1.6,2/3-Doors,8950,79,93039,0,1
1.6,4/5-Doors,8250,77,93000,0,1
1.3,2/3-Doors,6250,80,92830,0,1
1.6,4/5-Doors,9900,80,92255,1,1
1.3,4/5-Doors,7300,80,92096,0,1
1.3,2/3-Doors,8950,72,91921,0,1
1.3,2/3-Doors,6500,70,91900,0,1
1.6,4/5-Doors,7950,78,91399,1,1
1.6,2/3-Doors,7450,75,91082,1,1
1.3,4/5-Doors,7950,71,90370,1,1
1.3,4/5-Doors,8500,78,90345,0,1
1.3,2/3-Doors,6950,77,90305,0,1
1.3,2/3-Doors,7950,78,90011,1,1
1.3,2/3-Doors,6750,77,90000,0,1
1.6,2/3-Doors,8450,70,89983,1,1
1.6,4/5-Doors,7500,78,89953,0,1
2.0,2/3-Doors,8750,74,89800,0,1
1.3,4/5-Doors,8750,79,89739,1,1
1.6,2/3-Doors,8950,76,89520,1,1
1.3,2/3-Doors,7450,75,89507,0,1
1.6,Stationwagen,9200,69,89096,0,1
1.6,2/3-Doors,8950,74,88700,0,1
1.6,4/5-Doors,7850,72,88500,0,1
2.0,2/3-Doors,6950,73,88186,0,1
1.6,2/3-Doors,7200,75,88000,0,1
1.6,2/3-Doors,7450,78,87743,0,1
1.3,2/3-Doors,6750,75,87613,0,1
1.6,2/3-Doors,7500,73,87358,1,1
1.6,4/5-Doors,7450,72,87083,1,1
1.6,4/5-Doors,7950,70,87000,1,1
1.6,4/5-Doors,7250,78,87000,0,1
1.3,2/3-Doors,7950,73,87000,0,1
1.3,2/3-Doors,8250,80,87000,0,1
1.6,4/5-Doors,8250,72,86860,1,1
1.6,2/3-Doors,6750,80,86109,0,1
1.3,4/5-Doors,8750,79,86000,0,1
1.6,2/3-Doors,8950,80,86000,0,1
2.0,4/5-Doors,8500,70,85864,0,1
1.6,4/5-Doors,8250,80,85565,0,1
1.6,2/3-Doors,9450,70,85470,0,1
1.6,2/3-Doors,7950,73,85200,1,1
1.6,2/3-Doors,7900,70,85000,1,1
1.6,2/3-Doors,8500,73,84988,0,1
1.6,4/5-Doors,8250,79,84966,0,1
1.6,4/5-Doors,8250,76,84472,1,1
1.6,4/5-Doors,8950,73,84402,1,1
1.6,2/3-Doors,7950,74,84123,0,1
1.6,4/5-Doors,6950,80,84000,0,1
1.6,4/5-Doors,7250,78,84000,0,1
1.6,Stationwagen,7750,77,84000,0,1
1.6,2/3-Doors,8700,75,83850,0,1
2.0,4/5-Doors,8950,80,83540,1,1
1.6,4/5-Doors,6750,76,83405,0,1
1.6,4/5-Doors,7500,71,83291,0,1
1.3,2/3-Doors,7950,69,83133,0,1
1.3,2/3-Doors,8950,71,83047,0,1
1.6,2/3-Doors,7950,71,82700,0,1
1.3,2/3-Doors,7450,78,82675,0,1
1.3,2/3-Doors,5950,78,82595,0,1
1.6,2/3-Doors,7750,75,82256,0,1
1.3,2/3-Doors,6950,77,82103,1,1
1.3,4/5-Doors,8750,80,82021,1,1
1.6,4/5-Doors,8950,71,82000,0,1
1.6,4/5-Doors,7495,79,81988,1,1
1.6,4/5-Doors,7750,76,81930,1,1
1.6,2/3-Doors,6950,70,81663,0,1
1.6,4/5-Doors,7990,77,80486,0,1
1.6,4/5-Doors,7250,78,80000,0,1
1.3,2/3-Doors,6900,69,79000,0,1
1.6,4/5-Doors,7750,74,78894,0,1
1.6,4/5-Doors,7250,78,78689,0,1
1.3,2/3-Doors,8950,77,78435,0,0
1.6,2/3-Doors,8500,71,78260,0,1
1.6,4/5-Doors,7950,72,78120,1,1
1.3,2/3-Doors,6950,77,77000,0,1
1.6,2/3-Doors,8000,78,77000,0,1
1.6,2/3-Doors,7950,75,76382,0,1
1.3,2/3-Doors,8500,76,76268,1,1
1.3,2/3-Doors,7490,73,76151,0,1
1.6,2/3-Doors,8250,80,76000,1,1
1.6,4/5-Doors,9250,71,76000,0,1
1.3,4/5-Doors,7950,72,75840,0,1
1.6,2/3-Doors,9500,77,75799,0,1
1.6,2/3-Doors,8950,72,75525,0,1
1.3,Stationwagen,8450,78,75323,0,1
1.6,Stationwagen,7995,79,75322,0,1
1.6,4/5-Doors,8750,78,75226,0,1
1.3,4/5-Doors,5950,71,75085,0,1
1.6,4/5-Doors,8500,73,75000,0,1
1.3,4/5-Doors,8950,69,75000,1,0
1.3,4/5-Doors,8750,69,75000,1,1
2.0,4/5-Doors,7600,78,74926,0,1
1.6,4/5-Doors,7145,80,74785,0,1
1.6,Stationwagen,8450,69,74573,1,1
1.3,2/3-Doors,5950,75,74567,0,1
1.6,4/5-Doors,9000,80,74196,0,1
1.6,2/3-Doors,7250,80,74151,0,1
1.6,2/3-Doors,7400,75,74096,0,1
1.6,4/5-Doors,8800,79,74093,1,1
1.6,2/3-Doors,7750,71,74000,0,1
1.3,2/3-Doors,7500,75,74000,0,1
1.3,4/5-Doors,8450,78,73638,0,1
1.6,4/5-Doors,7400,75,73460,0,1
1.6,4/5-Doors,7500,80,73200,0,1
1.6,4/5-Doors,8950,76,73116,0,1
1.6,4/5-Doors,8950,70,73014,0,1
1.6,2/3-Doors,7950,77,72703,0,1
1.6,4/5-Doors,7950,79,72328,0,1
1.6,4/5-Doors,7950,78,72222,0,1
1.6,4/5-Doors,8950,71,72128,0,1
1.6,4/5-Doors,7750,78,72090,1,1
1.6,4/5-Doors,8250,78,72000,1,1
1.6,2/3-Doors,7950,78,72000,1,1
1.3,2/3-Doors,7750,77,71900,1,1
1.6,4/5-Doors,8500,77,71825,0,1
1.6,4/5-Doors,6950,80,71740,0,1
1.6,4/5-Doors,7500,80,71500,0,1
1.6,2/3-Doors,7750,79,71359,1,1
1.6,2/3-Doors,7500,78,71186,0,1
1.3,2/3-Doors,8950,72,71054,0,0
1.6,2/3-Doors,7950,76,71000,1,0
1.6,4/5-Doors,6900,80,70939,0,1
1.6,2/3-Doors,7450,77,70932,1,1
1.6,2/3-Doors,8500,80,70597,1,1
1.6,Stationwagen,7500,73,70482,0,1
1.6,2/3-Doors,8750,77,70124,1,1
1.6,2/3-Doors,7500,76,70039,1,1
1.6,4/5-Doors,9950,80,69904,0,1
1.3,2/3-Doors,7950,75,69388,0,0
1.6,4/5-Doors,9950,75,69320,1,1
1.6,4/5-Doors,9250,78,69000,0,1
1.3,4/5-Doors,9250,73,68988,1,1
1.6,Stationwagen,9950,79,68945,1,1
1.6,2/3-Doors,5950,74,68285,1,1
1.6,4/5-Doors,7995,76,68000,0,1
1.3,2/3-Doors,8950,70,68000,1,1
1.3,4/5-Doors,7450,75,67451,0,1
1.3,4/5-Doors,8250,76,67266,0,1
1.6,Stationwagen,8500,78,67255,0,1
1.6,4/5-Doors,8500,70,67100,0,1
2.0,2/3-Doors,9400,69,67092,0,1
1.6,2/3-Doors,7250,80,66880,1,1
1.6,4/5-Doors,8950,79,66855,0,1
1.6,4/5-Doors,9450,80,66843,1,1
1.6,2/3-Doors,8500,74,66718,0,1
1.3,2/3-Doors,6750,80,66168,1,1
1.6,4/5-Doors,7400,80,65950,0,1
1.3,2/3-Doors,8950,78,65500,1,1
1.6,2/3-Doors,6900,80,65307,1,1
1.3,2/3-Doors,7750,79,65254,1,1
2.0,2/3-Doors,8950,71,65021,0,1
1.3,2/3-Doors,6950,75,65006,0,1
1.6,4/5-Doors,8495,77,64280,1,1
1.6,2/3-Doors,10000,75,64000,0,1
1.6,4/5-Doors,6999,71,64000,0,1
1.6,2/3-Doors,8950,80,64000,0,1
1.6,4/5-Doors,8500,79,63918,0,1
1.6,4/5-Doors,8750,75,63634,0,1
1.6,4/5-Doors,9000,80,63266,1,1
1.6,2/3-Doors,8950,77,62595,1,1
1.6,4/5-Doors,6950,80,62581,0,1
1.6,4/5-Doors,8500,77,62285,1,1
1.3,4/5-Doors,8450,77,61906,0,1
1.6,4/5-Doors,8950,74,61700,0,1
1.6,4/5-Doors,8250,77,61648,1,1
1.3,4/5-Doors,7950,75,61626,0,1
1.6,4/5-Doors,7450,70,61510,1,1
1.6,2/3-Doors,9000,79,61165,1,1
1.6,4/5-Doors,7150,70,61000,0,1
1.6,4/5-Doors,7750,76,60833,0,1
1.3,2/3-Doors,5845,70,60600,0,1
1.6,4/5-Doors,8500,72,60483,1,1
1.6,4/5-Doors,8250,80,60476,0,1
1.6,2/3-Doors,9450,79,60142,1,1
1.6,2/3-Doors,6750,69,60050,0,1
1.6,2/3-Doors,8400,77,60000,0,1
1.6,2/3-Doors,7900,76,60000,1,1
1.6,2/3-Doors,7950,76,59815,0,1
1.6,Stationwagen,8750,80,59326,1,1
1.6,2/3-Doors,9900,73,59240,1,1
1.6,4/5-Doors,6495,71,59164,0,1
1.6,2/3-Doors,8250,70,59017,1,1
1.6,2/3-Doors,6900,69,58952,0,1
1.3,2/3-Doors,7500,74,58454,0,1
1.3,4/5-Doors,7950,75,58341,1,1
2.0,4/5-Doors,8250,80,58267,0,1
1.6,2/3-Doors,8950,80,58000,0,1
1.6,2/3-Doors,9750,70,57829,0,1
1.3,2/3-Doors,8250,80,57787,1,1
1.6,4/5-Doors,8900,78,57628,0,1
1.3,Stationwagen,8950,75,57537,0,1
1.6,2/3-Doors,6750,76,57263,0,1
1.6,4/5-Doors,7950,75,57144,1,1
1.3,2/3-Doors,8600,69,57096,0,1
1.3,4/5-Doors,7750,80,57000,1,1
1.6,2/3-Doors,7800,73,56566,0,1
1.6,2/3-Doors,8750,73,56307,1,1
1.3,2/3-Doors,9500,79,56214,0,1
1.6,4/5-Doors,7750,74,56132,0,1
1.6,4/5-Doors,9950,79,55425,1,1
1.3,2/3-Doors,7750,77,54439,0,1
1.6,2/3-Doors,5950,69,53809,0,1
1.6,4/5-Doors,10950,76,53133,1,1
1.6,4/5-Doors,9450,77,52900,0,1
1.6,2/3-Doors,8250,80,52700,0,1
1.6,4/5-Doors,9750,69,52320,1,1
1.6,4/5-Doors,7450,78,52287,0,1
1.6,4/5-Doors,8750,75,52000,0,1
1.6,2/3-Doors,8750,69,52000,0,1
1.6,4/5-Doors,8500,73,52000,1,1
1.3,4/5-Doors,8950,70,51874,0,1
1.3,4/5-Doors,7500,79,49827,0,1
1.6,4/5-Doors,7250,69,49640,0,1
1.6,4/5-Doors,7450,80,49580,0,1
1.6,2/3-Doors,9800,77,48838,0,1
1.3,2/3-Doors,7500,71,48576,1,1
1.6,4/5-Doors,8950,75,48400,0,1
2.0,4/5-Doors,8950,74,48242,0,1
2.0,4/5-Doors,7450,70,47955,0,1
1.6,4/5-Doors,8950,71,47633,0,0
1.3,4/5-Doors,10500,78,47400,1,1
1.3,2/3-Doors,7000,73,47360,0,1
1.6,2/3-Doors,8500,77,45507,0,1
1.3,4/5-Doors,7750,76,45410,1,1
1.6,2/3-Doors,8950,70,44850,0,1
1.6,4/5-Doors,8250,69,44826,0,1
1.6,2/3-Doors,9250,80,44444,1,1
1.6,4/5-Doors,7900,75,43720,0,1
1.3,4/5-Doors,8500,78,43622,0,1
1.6,4/5-Doors,7950,76,43532,1,1
1.6,2/3-Doors,9950,69,42800,1,1
1.6,4/5-Doors,8750,74,42317,1,1
1.6,2/3-Doors,7500,80,42186,0,1
1.6,2/3-Doors,6950,72,42000,0,1
1.6,4/5-Doors,8950,79,40093,0,1
1.6,2/3-Doors,8750,79,39800,0,1
1.3,2/3-Doors,7750,73,39168,1,1
1.6,2/3-Doors,8450,75,38945,1,1
1.6,4/5-Doors,8150,76,36537,0,0
1.3,2/3-Doors,8500,78,36000,0,1
1.6,2/3-Doors,7600,78,36000,1,1
1.3,2/3-Doors,7950,80,35821,0,1
1.3,2/3-Doors,7750,73,34717,0,1
1.3,4/5-Doors,7950,80,34000,1,0
1.6,2/3-Doors,9950,78,30964,1,1
1.3,2/3-Doors,8950,71,29000,1,1
1.3,2/3-Doors,8450,72,26000,0,1
1.3,4/5-Doors,8950,78,24000,1,1
1.3,2/3-Doors,8450,80,23000,0,1
1.3,2/3-Doors,7500,69,20544,1,1
1.3,2/3-Doors,10845,72,19000,0,1
1.3,2/3-Doors,8500,71,17016,0,1
1.3,2/3-Doors,7250,70,16916,1,0
1.6,4/5-Doors,6950,76,1,0,1